Fecha Emisi√≥n :05/12/2024 - 21:34;
Trading day;Product;Place of delivery;Area;First Day Delivery;Last Day Delivery;"MIBGAS Daily Price [EUR/MWh]";
05/12/2024;GDAES_D+1;PVB;ES;06/12/2024;06/12/2024;46.42;
05/12/2024;GMAES;PVB;ES;01/01/2025;31/01/2025;46.45;
05/12/2024;GQES_Q+1;PVB;ES;01/01/2025;31/03/2025;46.29;
05/12/2024;GYES_Y+1;PVB;ES;01/01/2025;31/12/2025;43.98;
04/12/2024;GDAES_D+1;PVB;ES;05/12/2024;05/12/2024;47.56;
04/12/2024;GMAES;PVB;ES;01/01/2025;31/01/2025;47.03;
04/12/2024;GQES_Q+1;PVB;ES;01/01/2025;31/03/2025;46.84;
04/12/2024;GYES_Y+1;PVB;ES;01/01/2025;31/12/2025;44.45;
03/12/2024;GDAES_D+1;PVB;ES;04/12/2024;04/12/2024;48.78;
03/12/2024;GMAES;PVB;ES;01/01/2025;31/01/2025;48.2;
03/12/2024;GQES_Q+1;PVB;ES;01/01/2025;31/03/2025;48.2;
03/12/2024;GYES_Y+1;PVB;ES;01/01/2025;31/12/2025;45.43;
02/12/2024;GDAES_D+1;PVB;ES;03/12/2024;03/12/2024;48.91;
02/12/2024;GMAES;PVB;ES;01/01/2025;31/01/2025;48.03;
02/12/2024;GQES_Q+1;PVB;ES;01/01/2025;31/03/2025;48.24;
02/12/2024;GYES_Y+1;PVB;ES;01/01/2025;31/12/2025;45.48;
01/12/2024;GDAES_D+1;PVB;ES;02/12/2024;02/12/2024;50.79;
30/11/2024;GDAES_D+1;PVB;ES;01/12/2024;01/12/2024;49.03;
29/11/2024;GDAES_D+1;PVB;ES;30/11/2024;30/11/2024;47.67;
29/11/2024;GMAES;PVB;ES;01/12/2024;31/12/2024;46.61;
29/11/2024;GQES_Q+1;PVB;ES;01/01/2025;31/03/2025;47.3;
29/11/2024;GYES_Y+1;PVB;ES;01/01/2025;31/12/2025;44.75;
28/11/2024;GDAES_D+1;PVB;ES;29/11/2024;29/11/2024;46.35;
28/11/2024;GMAES;PVB;ES;01/12/2024;31/12/2024;46.14;
28/11/2024;GQES_Q+1;PVB;ES;01/01/2025;31/03/2025;46.45;
28/11/2024;GYES_Y+1;PVB;ES;01/01/2025;31/12/2025;44.05;
27/11/2024;GDAES_D+1;PVB;ES;28/11/2024;28/11/2024;46.58;
27/11/2024;GMAES;PVB;ES;01/12/2024;31/12/2024;46.33;
27/11/2024;GQES_Q+1;PVB;ES;01/01/2025;31/03/2025;46.55;
27/11/2024;GYES_Y+1;PVB;ES;01/01/2025;31/12/2025;44.2;
26/11/2024;GDAES_D+1;PVB;ES;27/11/2024;27/11/2024;47.15;
26/11/2024;GMAES;PVB;ES;01/12/2024;31/12/2024;46.76;
26/11/2024;GQES_Q+1;PVB;ES;01/01/2025;31/03/2025;46.9;
26/11/2024;GYES_Y+1;PVB;ES;01/01/2025;31/12/2025;44.3;
25/11/2024;GDAES_D+1;PVB;ES;26/11/2024;26/11/2024;47.88;
25/11/2024;GMAES;PVB;ES;01/12/2024;31/12/2024;47.75;
25/11/2024;GQES_Q+1;PVB;ES;01/01/2025;31/03/2025;47.9;
25/11/2024;GYES_Y+1;PVB;ES;01/01/2025;31/12/2025;44.7;
24/11/2024;GDAES_D+1;PVB;ES;25/11/2024;25/11/2024;46.26;
23/11/2024;GDAES_D+1;PVB;ES;24/11/2024;24/11/2024;46.08;
22/11/2024;GDAES_D+1;PVB;ES;23/11/2024;23/11/2024;46.35;
22/11/2024;GMAES;PVB;ES;01/12/2024;31/12/2024;46.48;
22/11/2024;GQES_Q+1;PVB;ES;01/01/2025;31/03/2025;46.9;
22/11/2024;GYES_Y+1;PVB;ES;01/01/2025;31/12/2025;44.05;
21/11/2024;GDAES_D+1;PVB;ES;22/11/2024;22/11/2024;48.4;
21/11/2024;GMAES;PVB;ES;01/12/2024;31/12/2024;47.93;
21/11/2024;GQES_Q+1;PVB;ES;01/01/2025;31/03/2025;48.1;
21/11/2024;GYES_Y+1;PVB;ES;01/01/2025;31/12/2025;45.4;
20/11/2024;GDAES_D+1;PVB;ES;21/11/2024;21/11/2024;46.45;
20/11/2024;GMAES;PVB;ES;01/12/2024;31/12/2024;46.1;
20/11/2024;GQES_Q+1;PVB;ES;01/01/2025;31/03/2025;46.65;
20/11/2024;GYES_Y+1;PVB;ES;01/01/2025;31/12/2025;43.6;
19/11/2024;GDAES_D+1;PVB;ES;20/11/2024;20/11/2024;45.39;
19/11/2024;GMAES;PVB;ES;01/12/2024;31/12/2024;45.42;
19/11/2024;GQES_Q+1;PVB;ES;01/01/2025;31/03/2025;45.68;
19/11/2024;GYES_Y+1;PVB;ES;01/01/2025;31/12/2025;42.9;
18/11/2024;GDAES_D+1;PVB;ES;19/11/2024;19/11/2024;46.84;
18/11/2024;GMAES;PVB;ES;01/12/2024;31/12/2024;46.6;
18/11/2024;GQES_Q+1;PVB;ES;01/01/2025;31/03/2025;46.7;
18/11/2024;GYES_Y+1;PVB;ES;01/01/2025;31/12/2025;44.24;
17/11/2024;GDAES_D+1;PVB;ES;18/11/2024;18/11/2024;47.07;
16/11/2024;GDAES_D+1;PVB;ES;17/11/2024;17/11/2024;45.69;
15/11/2024;GDAES_D+1;PVB;ES;16/11/2024;16/11/2024;46.05;
15/11/2024;GMAES;PVB;ES;01/12/2024;31/12/2024;45.83;
15/11/2024;GQES_Q+1;PVB;ES;01/01/2025;31/03/2025;45.84;
15/11/2024;GYES_Y+1;PVB;ES;01/01/2025;31/12/2025;43.7;
14/11/2024;GDAES_D+1;PVB;ES;15/11/2024;15/11/2024;46.02;
14/11/2024;GMAES;PVB;ES;01/12/2024;31/12/2024;45.73;
14/11/2024;GQES_Q+1;PVB;ES;01/01/2025;31/03/2025;45.2;
14/11/2024;GYES_Y+1;PVB;ES;01/01/2025;31/12/2025;42.85;
13/11/2024;GDAES_D+1;PVB;ES;14/11/2024;14/11/2024;43.86;
13/11/2024;GMAES;PVB;ES;01/12/2024;31/12/2024;43.5;
13/11/2024;GQES_Q+1;PVB;ES;01/01/2025;31/03/2025;43.68;
13/11/2024;GYES_Y+1;PVB;ES;01/01/2025;31/12/2025;41.5;
12/11/2024;GDAES_D+1;PVB;ES;13/11/2024;13/11/2024;43.73;
12/11/2024;GMAES;PVB;ES;01/12/2024;31/12/2024;43.53;
12/11/2024;GQES_Q+1;PVB;ES;01/01/2025;31/03/2025;43.6;
12/11/2024;GYES_Y+1;PVB;ES;01/01/2025;31/12/2025;41.25;
11/11/2024;GDAES_D+1;PVB;ES;12/11/2024;12/11/2024;43.61;
11/11/2024;GMAES;PVB;ES;01/12/2024;31/12/2024;43.48;
11/11/2024;GQES_Q+1;PVB;ES;01/01/2025;31/03/2025;43.6;
11/11/2024;GYES_Y+1;PVB;ES;01/01/2025;31/12/2025;40.93;
10/11/2024;GDAES_D+1;PVB;ES;11/11/2024;11/11/2024;42.31;
09/11/2024;GDAES_D+1;PVB;ES;10/11/2024;10/11/2024;42.14;
08/11/2024;GDAES_D+1;PVB;ES;09/11/2024;09/11/2024;41.94;
08/11/2024;GMAES;PVB;ES;01/12/2024;31/12/2024;41.93;
08/11/2024;GQES_Q+1;PVB;ES;01/01/2025;31/03/2025;42.1;
08/11/2024;GYES_Y+1;PVB;ES;01/01/2025;31/12/2025;40.1;
07/11/2024;GDAES_D+1;PVB;ES;08/11/2024;08/11/2024;41.31;
07/11/2024;GMAES;PVB;ES;01/12/2024;31/12/2024;41.15;
07/11/2024;GQES_Q+1;PVB;ES;01/01/2025;31/03/2025;41.3;
07/11/2024;GYES_Y+1;PVB;ES;01/01/2025;31/12/2025;39.6;
06/11/2024;GDAES_D+1;PVB;ES;07/11/2024;07/11/2024;40.45;
06/11/2024;GMAES;PVB;ES;01/12/2024;31/12/2024;40.45;
06/11/2024;GQES_Q+1;PVB;ES;01/01/2025;31/03/2025;40.45;
06/11/2024;GYES_Y+1;PVB;ES;01/01/2025;31/12/2025;38.7;
05/11/2024;GDAES_D+1;PVB;ES;06/11/2024;06/11/2024;40.5;
05/11/2024;GMAES;PVB;ES;01/12/2024;31/12/2024;40.34;
05/11/2024;GQES_Q+1;PVB;ES;01/01/2025;31/03/2025;40.4;
05/11/2024;GYES_Y+1;PVB;ES;01/01/2025;31/12/2025;38.8;
04/11/2024;GDAES_D+1;PVB;ES;05/11/2024;05/11/2024;40.29;
04/11/2024;GMAES;PVB;ES;01/12/2024;31/12/2024;39.93;
04/11/2024;GQES_Q+1;PVB;ES;01/01/2025;31/03/2025;40.23;
04/11/2024;GYES_Y+1;PVB;ES;01/01/2025;31/12/2025;38.58;
03/11/2024;GDAES_D+1;PVB;ES;04/11/2024;04/11/2024;40.47;
02/11/2024;GDAES_D+1;PVB;ES;03/11/2024;03/11/2024;38.75;
01/11/2024;GDAES_D+1;PVB;ES;02/11/2024;02/11/2024;38.9;
01/11/2024;GMAES;PVB;ES;01/12/2024;31/12/2024;38.88;
01/11/2024;GQES_Q+1;PVB;ES;01/01/2025;31/03/2025;39.13;
01/11/2024;GYES_Y+1;PVB;ES;01/01/2025;31/12/2025;37.95;
31/10/2024;GDAES_D+1;PVB;ES;01/11/2024;01/11/2024;40.44;
31/10/2024;GMAES;PVB;ES;01/11/2024;30/11/2024;40.03;
31/10/2024;GQES_Q+1;PVB;ES;01/01/2025;31/03/2025;40.5;
31/10/2024;GYES_Y+1;PVB;ES;01/01/2025;31/12/2025;38.95;
30/10/2024;GDAES_D+1;PVB;ES;31/10/2024;31/10/2024;41.72;
30/10/2024;GMAES;PVB;ES;01/11/2024;30/11/2024;41.19;
30/10/2024;GQES_Q+1;PVB;ES;01/01/2025;31/03/2025;41.4;
30/10/2024;GYES_Y+1;PVB;ES;01/01/2025;31/12/2025;39.7;
29/10/2024;GDAES_D+1;PVB;ES;30/10/2024;30/10/2024;43.04;
29/10/2024;GMAES;PVB;ES;01/11/2024;30/11/2024;42.43;
29/10/2024;GQES_Q+1;PVB;ES;01/01/2025;31/03/2025;42.63;
29/10/2024;GYES_Y+1;PVB;ES;01/01/2025;31/12/2025;40.73;
28/10/2024;GDAES_D+1;PVB;ES;29/10/2024;29/10/2024;42.8;
28/10/2024;GMAES;PVB;ES;01/11/2024;30/11/2024;42.38;
28/10/2024;GQES_Q+1;PVB;ES;01/01/2025;31/03/2025;42.6;
28/10/2024;GYES_Y+1;PVB;ES;01/01/2025;31/12/2025;40.7;
27/10/2024;GDAES_D+1;PVB;ES;28/10/2024;28/10/2024;44.35;
26/10/2024;GDAES_D+1;PVB;ES;27/10/2024;27/10/2024;44.63;
25/10/2024;GDAES_D+1;PVB;ES;26/10/2024;26/10/2024;43.64;
25/10/2024;GMAES;PVB;ES;01/11/2024;30/11/2024;43.15;
25/10/2024;GQES_Q+1;PVB;ES;01/01/2025;31/03/2025;43.3;
25/10/2024;GYES_Y+1;PVB;ES;01/01/2025;31/12/2025;41.45;
24/10/2024;GDAES_D+1;PVB;ES;25/10/2024;25/10/2024;42.07;
24/10/2024;GMAES;PVB;ES;01/11/2024;30/11/2024;41.88;
24/10/2024;GQES_Q+1;PVB;ES;01/01/2025;31/03/2025;42.2;
24/10/2024;GYES_Y+1;PVB;ES;01/01/2025;31/12/2025;40.59;
23/10/2024;GDAES_D+1;PVB;ES;24/10/2024;24/10/2024;41.16;
23/10/2024;GMAES;PVB;ES;01/11/2024;30/11/2024;40.93;
23/10/2024;GQES_Q+1;PVB;ES;01/01/2025;31/03/2025;41.35;
23/10/2024;GYES_Y+1;PVB;ES;01/01/2025;31/12/2025;39.85;
22/10/2024;GDAES_D+1;PVB;ES;23/10/2024;23/10/2024;40.42;
22/10/2024;GMAES;PVB;ES;01/11/2024;30/11/2024;40.33;
22/10/2024;GQES_Q+1;PVB;ES;01/01/2025;31/03/2025;40.85;
22/10/2024;GYES_Y+1;PVB;ES;01/01/2025;31/12/2025;39.28;
21/10/2024;GDAES_D+1;PVB;ES;22/10/2024;22/10/2024;39.61;
21/10/2024;GMAES;PVB;ES;01/11/2024;30/11/2024;39.38;
21/10/2024;GQES_Q+1;PVB;ES;01/01/2025;31/03/2025;40.05;
21/10/2024;GYES_Y+1;PVB;ES;01/01/2025;31/12/2025;38.5;
20/10/2024;GDAES_D+1;PVB;ES;21/10/2024;21/10/2024;39.41;
19/10/2024;GDAES_D+1;PVB;ES;20/10/2024;20/10/2024;39.05;
18/10/2024;GDAES_D+1;PVB;ES;19/10/2024;19/10/2024;38.87;
18/10/2024;GMAES;PVB;ES;01/11/2024;30/11/2024;38.75;
18/10/2024;GQES_Q+1;PVB;ES;01/01/2025;31/03/2025;39.48;
18/10/2024;GYES_Y+1;PVB;ES;01/01/2025;31/12/2025;37.9;
17/10/2024;GDAES_D+1;PVB;ES;18/10/2024;18/10/2024;39.37;
17/10/2024;GMAES;PVB;ES;01/11/2024;30/11/2024;39.25;
17/10/2024;GQES_Q+1;PVB;ES;01/01/2025;31/03/2025;39.6;
17/10/2024;GYES_Y+1;PVB;ES;01/01/2025;31/12/2025;38.2;
16/10/2024;GDAES_D+1;PVB;ES;17/10/2024;17/10/2024;38.92;
16/10/2024;GMAES;PVB;ES;01/11/2024;30/11/2024;38.9;
16/10/2024;GQES_Q+1;PVB;ES;01/01/2025;31/03/2025;39.86;
16/10/2024;GYES_Y+1;PVB;ES;01/01/2025;31/12/2025;38.35;
15/10/2024;GDAES_D+1;PVB;ES;16/10/2024;16/10/2024;39.48;
15/10/2024;GMAES;PVB;ES;01/11/2024;30/11/2024;39.38;
15/10/2024;GQES_Q+1;PVB;ES;01/01/2025;31/03/2025;40.08;
15/10/2024;GYES_Y+1;PVB;ES;01/01/2025;31/12/2025;38.75;
14/10/2024;GDAES_D+1;PVB;ES;15/10/2024;15/10/2024;39.93;
14/10/2024;GMAES;PVB;ES;01/11/2024;30/11/2024;39.88;
14/10/2024;GQES_Q+1;PVB;ES;01/01/2025;31/03/2025;40.85;
14/10/2024;GYES_Y+1;PVB;ES;01/01/2025;31/12/2025;39.18;
13/10/2024;GDAES_D+1;PVB;ES;14/10/2024;14/10/2024;40.04;
12/10/2024;GDAES_D+1;PVB;ES;13/10/2024;13/10/2024;38.95;
11/10/2024;GDAES_D+1;PVB;ES;12/10/2024;12/10/2024;39.27;
11/10/2024;GMAES;PVB;ES;01/11/2024;30/11/2024;39.31;
11/10/2024;GQES_Q+1;PVB;ES;01/01/2025;31/03/2025;39.85;
11/10/2024;GYES_Y+1;PVB;ES;01/01/2025;31/12/2025;38.55;
10/10/2024;GDAES_D+1;PVB;ES;11/10/2024;11/10/2024;39.79;
10/10/2024;GMAES;PVB;ES;01/11/2024;30/11/2024;39.73;
10/10/2024;GQES_Q+1;PVB;ES;01/01/2025;31/03/2025;40.38;
10/10/2024;GYES_Y+1;PVB;ES;01/01/2025;31/12/2025;38.9;
09/10/2024;GDAES_D+1;PVB;ES;10/10/2024;10/10/2024;38.12;
09/10/2024;GMAES;PVB;ES;01/11/2024;30/11/2024;38.15;
09/10/2024;GQES_Q+1;PVB;ES;01/01/2025;31/03/2025;39.05;
09/10/2024;GYES_Y+1;PVB;ES;01/01/2025;31/12/2025;37.93;
08/10/2024;GDAES_D+1;PVB;ES;09/10/2024;09/10/2024;38.59;
08/10/2024;GMAES;PVB;ES;01/11/2024;30/11/2024;38.3;
08/10/2024;GQES_Q+1;PVB;ES;01/01/2025;31/03/2025;39.6;
08/10/2024;GYES_Y+1;PVB;ES;01/01/2025;31/12/2025;38.08;
07/10/2024;GDAES_D+1;PVB;ES;08/10/2024;08/10/2024;40.3;
07/10/2024;GMAES;PVB;ES;01/11/2024;30/11/2024;40.13;
07/10/2024;GQES_Q+1;PVB;ES;01/01/2025;31/03/2025;41.1;
07/10/2024;GYES_Y+1;PVB;ES;01/01/2025;31/12/2025;39.53;
06/10/2024;GDAES_D+1;PVB;ES;07/10/2024;07/10/2024;41.24;
05/10/2024;GDAES_D+1;PVB;ES;06/10/2024;06/10/2024;40.73;
04/10/2024;GDAES_D+1;PVB;ES;05/10/2024;05/10/2024;40.74;
04/10/2024;GMAES;PVB;ES;01/11/2024;30/11/2024;40.28;
04/10/2024;GQES_Q+1;PVB;ES;01/01/2025;31/03/2025;41.2;
04/10/2024;GYES_Y+1;PVB;ES;01/01/2025;31/12/2025;39.45;
03/10/2024;GDAES_D+1;PVB;ES;04/10/2024;04/10/2024;39.49;
03/10/2024;GMAES;PVB;ES;01/11/2024;30/11/2024;39.53;
03/10/2024;GQES_Q+1;PVB;ES;01/01/2025;31/03/2025;40.23;
03/10/2024;GYES_Y+1;PVB;ES;01/01/2025;31/12/2025;38.65;
02/10/2024;GDAES_D+1;PVB;ES;03/10/2024;03/10/2024;38.64;
02/10/2024;GMAES;PVB;ES;01/11/2024;30/11/2024;38.28;
02/10/2024;GQES_Q+1;PVB;ES;01/01/2025;31/03/2025;39.4;
02/10/2024;GYES_Y+1;PVB;ES;01/01/2025;31/12/2025;38.1;
01/10/2024;GDAES_D+1;PVB;ES;02/10/2024;02/10/2024;39.36;
01/10/2024;GMAES;PVB;ES;01/11/2024;30/11/2024;39.06;
01/10/2024;GQES_Q+1;PVB;ES;01/01/2025;31/03/2025;39.95;
01/10/2024;GYES_Y+1;PVB;ES;01/01/2025;31/12/2025;38.51;
30/09/2024;GDAES_D+1;PVB;ES;01/10/2024;01/10/2024;38.94;
30/09/2024;GMAES;PVB;ES;01/10/2024;31/10/2024;38.98;
30/09/2024;GYES_Y+1;PVB;ES;01/01/2025;31/12/2025;37.93;
29/09/2024;GDAES_D+1;PVB;ES;30/09/2024;30/09/2024;38.7;
28/09/2024;GDAES_D+1;PVB;ES;29/09/2024;29/09/2024;38.28;
27/09/2024;GDAES_D+1;PVB;ES;28/09/2024;28/09/2024;38.1;
27/09/2024;GMAES;PVB;ES;01/10/2024;31/10/2024;37.85;
27/09/2024;GQES_Q+1;PVB;ES;01/10/2024;31/12/2024;38.1;
27/09/2024;GYES_Y+1;PVB;ES;01/01/2025;31/12/2025;37.2;
26/09/2024;GDAES_D+1;PVB;ES;27/09/2024;27/09/2024;38.07;
26/09/2024;GMAES;PVB;ES;01/10/2024;31/10/2024;37.93;
26/09/2024;GQES_Q+1;PVB;ES;01/10/2024;31/12/2024;38.25;
26/09/2024;GYES_Y+1;PVB;ES;01/01/2025;31/12/2025;37.43;
25/09/2024;GDAES_D+1;PVB;ES;26/09/2024;26/09/2024;37.52;
25/09/2024;GMAES;PVB;ES;01/10/2024;31/10/2024;37.46;
25/09/2024;GQES_Q+1;PVB;ES;01/10/2024;31/12/2024;37.83;
25/09/2024;GYES_Y+1;PVB;ES;01/01/2025;31/12/2025;37.13;
24/09/2024;GDAES_D+1;PVB;ES;25/09/2024;25/09/2024;35.81;
24/09/2024;GMAES;PVB;ES;01/10/2024;31/10/2024;35.94;
24/09/2024;GQES_Q+1;PVB;ES;01/10/2024;31/12/2024;36.37;
24/09/2024;GYES_Y+1;PVB;ES;01/01/2025;31/12/2025;36.25;
23/09/2024;GDAES_D+1;PVB;ES;24/09/2024;24/09/2024;36.43;
23/09/2024;GMAES;PVB;ES;01/10/2024;31/10/2024;36.15;
23/09/2024;GQES_Q+1;PVB;ES;01/10/2024;31/12/2024;36.58;
23/09/2024;GYES_Y+1;PVB;ES;01/01/2025;31/12/2025;36.23;
22/09/2024;GDAES_D+1;PVB;ES;23/09/2024;23/09/2024;35.99;
21/09/2024;GDAES_D+1;PVB;ES;22/09/2024;22/09/2024;35.73;
20/09/2024;GDAES_D+1;PVB;ES;21/09/2024;21/09/2024;35.14;
20/09/2024;GMAES;PVB;ES;01/10/2024;31/10/2024;34.8;
20/09/2024;GQES_Q+1;PVB;ES;01/10/2024;31/12/2024;35.63;
20/09/2024;GYES_Y+1;PVB;ES;01/01/2025;31/12/2025;35.8;
19/09/2024;GDAES_D+1;PVB;ES;20/09/2024;20/09/2024;33.2;
19/09/2024;GMAES;PVB;ES;01/10/2024;31/10/2024;33.65;
19/09/2024;GQES_Q+1;PVB;ES;01/10/2024;31/12/2024;34.49;
19/09/2024;GYES_Y+1;PVB;ES;01/01/2025;31/12/2025;34.5;
18/09/2024;GDAES_D+1;PVB;ES;19/09/2024;19/09/2024;35.82;
18/09/2024;GMAES;PVB;ES;01/10/2024;31/10/2024;35.45;
18/09/2024;GQES_Q+1;PVB;ES;01/10/2024;31/12/2024;36.57;
18/09/2024;GYES_Y+1;PVB;ES;01/01/2025;31/12/2025;37.03;
17/09/2024;GDAES_D+1;PVB;ES;18/09/2024;18/09/2024;35.95;
17/09/2024;GMAES;PVB;ES;01/10/2024;31/10/2024;35.53;
17/09/2024;GQES_Q+1;PVB;ES;01/10/2024;31/12/2024;36.58;
17/09/2024;GYES_Y+1;PVB;ES;01/01/2025;31/12/2025;36.7;
16/09/2024;GDAES_D+1;PVB;ES;17/09/2024;17/09/2024;34.52;
16/09/2024;GMAES;PVB;ES;01/10/2024;31/10/2024;34.35;
16/09/2024;GQES_Q+1;PVB;ES;01/10/2024;31/12/2024;35.38;
16/09/2024;GYES_Y+1;PVB;ES;01/01/2025;31/12/2025;35.53;
15/09/2024;GDAES_D+1;PVB;ES;16/09/2024;16/09/2024;35.59;
14/09/2024;GDAES_D+1;PVB;ES;15/09/2024;15/09/2024;36.58;
13/09/2024;GDAES_D+1;PVB;ES;14/09/2024;14/09/2024;35.17;
13/09/2024;GMAES;PVB;ES;01/10/2024;31/10/2024;35.75;
13/09/2024;GQES_Q+1;PVB;ES;01/10/2024;31/12/2024;36.79;
13/09/2024;GYES_Y+1;PVB;ES;01/01/2025;31/12/2025;36.83;
12/09/2024;GDAES_D+1;PVB;ES;13/09/2024;13/09/2024;35.14;
12/09/2024;GMAES;PVB;ES;01/10/2024;31/10/2024;35.3;
12/09/2024;GQES_Q+1;PVB;ES;01/10/2024;31/12/2024;36.41;
12/09/2024;GYES_Y+1;PVB;ES;01/01/2025;31/12/2025;36.5;
11/09/2024;GDAES_D+1;PVB;ES;12/09/2024;12/09/2024;35.58;
11/09/2024;GMAES;PVB;ES;01/10/2024;31/10/2024;36.13;
11/09/2024;GQES_Q+1;PVB;ES;01/10/2024;31/12/2024;37.29;
11/09/2024;GYES_Y+1;PVB;ES;01/01/2025;31/12/2025;37.4;
10/09/2024;GDAES_D+1;PVB;ES;11/09/2024;11/09/2024;34.75;
10/09/2024;GMAES;PVB;ES;01/10/2024;31/10/2024;35.18;
10/09/2024;GQES_Q+1;PVB;ES;01/10/2024;31/12/2024;36.66;
10/09/2024;GYES_Y+1;PVB;ES;01/01/2025;31/12/2025;36.98;
09/09/2024;GDAES_D+1;PVB;ES;10/09/2024;10/09/2024;36.7;
09/09/2024;GMAES;PVB;ES;01/10/2024;31/10/2024;37.18;
09/09/2024;GQES_Q+1;PVB;ES;01/10/2024;31/12/2024;38.58;
09/09/2024;GYES_Y+1;PVB;ES;01/01/2025;31/12/2025;38.4;
08/09/2024;GDAES_D+1;PVB;ES;09/09/2024;09/09/2024;36.14;
07/09/2024;GDAES_D+1;PVB;ES;08/09/2024;08/09/2024;35.85;
06/09/2024;GDAES_D+1;PVB;ES;07/09/2024;07/09/2024;36.32;
06/09/2024;GMAES;PVB;ES;01/10/2024;31/10/2024;36.38;
06/09/2024;GQES_Q+1;PVB;ES;01/10/2024;31/12/2024;37.72;
06/09/2024;GYES_Y+1;PVB;ES;01/01/2025;31/12/2025;38.08;
05/09/2024;GDAES_D+1;PVB;ES;06/09/2024;06/09/2024;36.43;
05/09/2024;GMAES;PVB;ES;01/10/2024;31/10/2024;36.13;
05/09/2024;GQES_Q+1;PVB;ES;01/10/2024;31/12/2024;37.69;
05/09/2024;GYES_Y+1;PVB;ES;01/01/2025;31/12/2025;38.38;
04/09/2024;GDAES_D+1;PVB;ES;05/09/2024;05/09/2024;36.3;
04/09/2024;GMAES;PVB;ES;01/10/2024;31/10/2024;35.63;
04/09/2024;GQES_Q+1;PVB;ES;01/10/2024;31/12/2024;37.1;
04/09/2024;GYES_Y+1;PVB;ES;01/01/2025;31/12/2025;37.73;
03/09/2024;GDAES_D+1;PVB;ES;04/09/2024;04/09/2024;37.48;
03/09/2024;GMAES;PVB;ES;01/10/2024;31/10/2024;37.26;
03/09/2024;GQES_Q+1;PVB;ES;01/10/2024;31/12/2024;38.35;
03/09/2024;GYES_Y+1;PVB;ES;01/01/2025;31/12/2025;38.7;
02/09/2024;GDAES_D+1;PVB;ES;03/09/2024;03/09/2024;39.64;
02/09/2024;GMAES;PVB;ES;01/10/2024;31/10/2024;38.73;
02/09/2024;GQES_Q+1;PVB;ES;01/10/2024;31/12/2024;39.89;
02/09/2024;GYES_Y+1;PVB;ES;01/01/2025;31/12/2025;39.75;
01/09/2024;GDAES_D+1;PVB;ES;02/09/2024;02/09/2024;42.1;
31/08/2024;GDAES_D+1;PVB;ES;01/09/2024;01/09/2024;41.36;
30/08/2024;GDAES_D+1;PVB;ES;31/08/2024;31/08/2024;40.01;
30/08/2024;GMAES;PVB;ES;01/09/2024;30/09/2024;39.44;
30/08/2024;GQES_Q+1;PVB;ES;01/10/2024;31/12/2024;40.53;
30/08/2024;GYES_Y+1;PVB;ES;01/01/2025;31/12/2025;40.34;
29/08/2024;GDAES_D+1;PVB;ES;30/08/2024;30/08/2024;39.22;
29/08/2024;GMAES;PVB;ES;01/09/2024;30/09/2024;38.78;
29/08/2024;GQES_Q+1;PVB;ES;01/10/2024;31/12/2024;39.32;
29/08/2024;GYES_Y+1;PVB;ES;01/01/2025;31/12/2025;39.43;
28/08/2024;GDAES_D+1;PVB;ES;29/08/2024;29/08/2024;39.06;
28/08/2024;GMAES;PVB;ES;01/09/2024;30/09/2024;38.63;
28/08/2024;GQES_Q+1;PVB;ES;01/10/2024;31/12/2024;40.03;
28/08/2024;GYES_Y+1;PVB;ES;01/01/2025;31/12/2025;40.23;
27/08/2024;GDAES_D+1;PVB;ES;28/08/2024;28/08/2024;39.15;
27/08/2024;GMAES;PVB;ES;01/09/2024;30/09/2024;38.58;
27/08/2024;GQES_Q+1;PVB;ES;01/10/2024;31/12/2024;40.18;
27/08/2024;GYES_Y+1;PVB;ES;01/01/2025;31/12/2025;40.6;
26/08/2024;GDAES_D+1;PVB;ES;27/08/2024;27/08/2024;38.08;
26/08/2024;GMAES;PVB;ES;01/09/2024;30/09/2024;37.78;
26/08/2024;GQES_Q+1;PVB;ES;01/10/2024;31/12/2024;39.54;
26/08/2024;GYES_Y+1;PVB;ES;01/01/2025;31/12/2025;39.7;
25/08/2024;GDAES_D+1;PVB;ES;26/08/2024;26/08/2024;37.47;
24/08/2024;GDAES_D+1;PVB;ES;25/08/2024;25/08/2024;37.02;
23/08/2024;GDAES_D+1;PVB;ES;24/08/2024;24/08/2024;36.65;
23/08/2024;GMAES;PVB;ES;01/09/2024;30/09/2024;37.08;
23/08/2024;GQES_Q+1;PVB;ES;01/10/2024;31/12/2024;38.93;
23/08/2024;GYES_Y+1;PVB;ES;01/01/2025;31/12/2025;39.6;
22/08/2024;GDAES_D+1;PVB;ES;23/08/2024;23/08/2024;36.98;
22/08/2024;GMAES;PVB;ES;01/09/2024;30/09/2024;36.93;
22/08/2024;GQES_Q+1;PVB;ES;01/10/2024;31/12/2024;38.83;
22/08/2024;GYES_Y+1;PVB;ES;01/01/2025;31/12/2025;39.33;
21/08/2024;GDAES_D+1;PVB;ES;22/08/2024;22/08/2024;37.45;
21/08/2024;GMAES;PVB;ES;01/09/2024;30/09/2024;37.18;
21/08/2024;GQES_Q+1;PVB;ES;01/10/2024;31/12/2024;39.03;
21/08/2024;GYES_Y+1;PVB;ES;01/01/2025;31/12/2025;39.33;
20/08/2024;GDAES_D+1;PVB;ES;21/08/2024;21/08/2024;37.89;
20/08/2024;GMAES;PVB;ES;01/09/2024;30/09/2024;37.88;
20/08/2024;GQES_Q+1;PVB;ES;01/10/2024;31/12/2024;39.73;
20/08/2024;GYES_Y+1;PVB;ES;01/01/2025;31/12/2025;39.98;
19/08/2024;GDAES_D+1;PVB;ES;20/08/2024;20/08/2024;39.91;
19/08/2024;GMAES;PVB;ES;01/09/2024;30/09/2024;39.68;
19/08/2024;GQES_Q+1;PVB;ES;01/10/2024;31/12/2024;41.63;
19/08/2024;GYES_Y+1;PVB;ES;01/01/2025;31/12/2025;41.68;
18/08/2024;GDAES_D+1;PVB;ES;19/08/2024;19/08/2024;39.76;
17/08/2024;GDAES_D+1;PVB;ES;18/08/2024;18/08/2024;39.39;
16/08/2024;GDAES_D+1;PVB;ES;17/08/2024;17/08/2024;39.5;
16/08/2024;GMAES;PVB;ES;01/09/2024;30/09/2024;39.46;
16/08/2024;GQES_Q+1;PVB;ES;01/10/2024;31/12/2024;41.8;
16/08/2024;GYES_Y+1;PVB;ES;01/01/2025;31/12/2025;41.9;
15/08/2024;GDAES_D+1;PVB;ES;16/08/2024;16/08/2024;39.22;
15/08/2024;GMAES;PVB;ES;01/09/2024;30/09/2024;38.98;
15/08/2024;GQES_Q+1;PVB;ES;01/10/2024;31/12/2024;41.53;
15/08/2024;GYES_Y+1;PVB;ES;01/01/2025;31/12/2025;41.6;
14/08/2024;GDAES_D+1;PVB;ES;15/08/2024;15/08/2024;38.75;
14/08/2024;GMAES;PVB;ES;01/09/2024;30/09/2024;39;
14/08/2024;GQES_Q+1;PVB;ES;01/10/2024;31/12/2024;41.25;
14/08/2024;GYES_Y+1;PVB;ES;01/01/2025;31/12/2025;41.25;
13/08/2024;GDAES_D+1;PVB;ES;14/08/2024;14/08/2024;39.16;
13/08/2024;GMAES;PVB;ES;01/09/2024;30/09/2024;39.05;
13/08/2024;GQES_Q+1;PVB;ES;01/10/2024;31/12/2024;41.18;
13/08/2024;GYES_Y+1;PVB;ES;01/01/2025;31/12/2025;40.78;
12/08/2024;GDAES_D+1;PVB;ES;13/08/2024;13/08/2024;39.6;
12/08/2024;GMAES;PVB;ES;01/09/2024;30/09/2024;39.91;
12/08/2024;GQES_Q+1;PVB;ES;01/10/2024;31/12/2024;41.53;
12/08/2024;GYES_Y+1;PVB;ES;01/01/2025;31/12/2025;40.78;
11/08/2024;GDAES_D+1;PVB;ES;12/08/2024;12/08/2024;41;
10/08/2024;GDAES_D+1;PVB;ES;11/08/2024;11/08/2024;39.78;
09/08/2024;GDAES_D+1;PVB;ES;10/08/2024;10/08/2024;39.35;
09/08/2024;GMAES;PVB;ES;01/09/2024;30/09/2024;39.85;
09/08/2024;GQES_Q+1;PVB;ES;01/10/2024;31/12/2024;41.83;
09/08/2024;GYES_Y+1;PVB;ES;01/01/2025;31/12/2025;41.08;
08/08/2024;GDAES_D+1;PVB;ES;09/08/2024;09/08/2024;39.96;
08/08/2024;GMAES;PVB;ES;01/09/2024;30/09/2024;40.08;
08/08/2024;GQES_Q+1;PVB;ES;01/10/2024;31/12/2024;41.73;
08/08/2024;GYES_Y+1;PVB;ES;01/01/2025;31/12/2025;41.03;
07/08/2024;GDAES_D+1;PVB;ES;08/08/2024;08/08/2024;37.96;
07/08/2024;GMAES;PVB;ES;01/09/2024;30/09/2024;38.6;
07/08/2024;GQES_Q+1;PVB;ES;01/10/2024;31/12/2024;40.43;
07/08/2024;GYES_Y+1;PVB;ES;01/01/2025;31/12/2025;40.05;
06/08/2024;GDAES_D+1;PVB;ES;07/08/2024;07/08/2024;36.01;
06/08/2024;GMAES;PVB;ES;01/09/2024;30/09/2024;36.85;
06/08/2024;GQES_Q+1;PVB;ES;01/10/2024;31/12/2024;38.63;
06/08/2024;GYES_Y+1;PVB;ES;01/01/2025;31/12/2025;38.53;
05/08/2024;GDAES_D+1;PVB;ES;06/08/2024;06/08/2024;36.18;
05/08/2024;GMAES;PVB;ES;01/09/2024;30/09/2024;36.05;
05/08/2024;GQES_Q+1;PVB;ES;01/10/2024;31/12/2024;38.26;
05/08/2024;GYES_Y+1;PVB;ES;01/01/2025;31/12/2025;38.13;
04/08/2024;GDAES_D+1;PVB;ES;05/08/2024;05/08/2024;38.81;
03/08/2024;GDAES_D+1;PVB;ES;04/08/2024;04/08/2024;37.03;
02/08/2024;GDAES_D+1;PVB;ES;03/08/2024;03/08/2024;37.53;
02/08/2024;GMAES;PVB;ES;01/09/2024;30/09/2024;37.02;
02/08/2024;GQES_Q+1;PVB;ES;01/10/2024;31/12/2024;39.15;
02/08/2024;GYES_Y+1;PVB;ES;01/01/2025;31/12/2025;39.18;
01/08/2024;GDAES_D+1;PVB;ES;02/08/2024;02/08/2024;37.64;
01/08/2024;GMAES;PVB;ES;01/09/2024;30/09/2024;37.33;
01/08/2024;GQES_Q+1;PVB;ES;01/10/2024;31/12/2024;39.35;
01/08/2024;GYES_Y+1;PVB;ES;01/01/2025;31/12/2025;39.2;
31/07/2024;GDAES_D+1;PVB;ES;01/08/2024;01/08/2024;36.39;
31/07/2024;GMAES;PVB;ES;01/08/2024;31/08/2024;36.05;
31/07/2024;GQES_Q+1;PVB;ES;01/10/2024;31/12/2024;37.95;
31/07/2024;GYES_Y+1;PVB;ES;01/01/2025;31/12/2025;38.5;
30/07/2024;GDAES_D+1;PVB;ES;31/07/2024;31/07/2024;35.41;
30/07/2024;GMAES;PVB;ES;01/08/2024;31/08/2024;35.18;
30/07/2024;GQES_Q+1;PVB;ES;01/10/2024;31/12/2024;37.49;
30/07/2024;GYES_Y+1;PVB;ES;01/01/2025;31/12/2025;37.93;
29/07/2024;GDAES_D+1;PVB;ES;30/07/2024;30/07/2024;35.57;
29/07/2024;GMAES;PVB;ES;01/08/2024;31/08/2024;34.39;
29/07/2024;GQES_Q+1;PVB;ES;01/10/2024;31/12/2024;36.8;
29/07/2024;GYES_Y+1;PVB;ES;01/01/2025;31/12/2025;37.4;
28/07/2024;GDAES_D+1;PVB;ES;29/07/2024;29/07/2024;34.23;
27/07/2024;GDAES_D+1;PVB;ES;28/07/2024;28/07/2024;32.92;
26/07/2024;GDAES_D+1;PVB;ES;27/07/2024;27/07/2024;32.93;
26/07/2024;GMAES;PVB;ES;01/08/2024;31/08/2024;32.58;
26/07/2024;GQES_Q+1;PVB;ES;01/10/2024;31/12/2024;36.11;
26/07/2024;GYES_Y+1;PVB;ES;01/01/2025;31/12/2025;36.55;
25/07/2024;GDAES_D+1;PVB;ES;26/07/2024;26/07/2024;32.2;
25/07/2024;GMAES;PVB;ES;01/08/2024;31/08/2024;31.89;
25/07/2024;GQES_Q+1;PVB;ES;01/10/2024;31/12/2024;35.25;
25/07/2024;GYES_Y+1;PVB;ES;01/01/2025;31/12/2025;36.1;
24/07/2024;GDAES_D+1;PVB;ES;25/07/2024;25/07/2024;33.17;
24/07/2024;GMAES;PVB;ES;01/08/2024;31/08/2024;32.93;
24/07/2024;GQES_Q+1;PVB;ES;01/10/2024;31/12/2024;36.36;
24/07/2024;GYES_Y+1;PVB;ES;01/01/2025;31/12/2025;36.65;
23/07/2024;GDAES_D+1;PVB;ES;24/07/2024;24/07/2024;32.04;
23/07/2024;GMAES;PVB;ES;01/08/2024;31/08/2024;31.41;
23/07/2024;GQES_Q+1;PVB;ES;01/10/2024;31/12/2024;34.95;
23/07/2024;GYES_Y+1;PVB;ES;01/01/2025;31/12/2025;35.6;
22/07/2024;GDAES_D+1;PVB;ES;23/07/2024;23/07/2024;31.88;
22/07/2024;GMAES;PVB;ES;01/08/2024;31/08/2024;31.85;
22/07/2024;GQES_Q+1;PVB;ES;01/10/2024;31/12/2024;35.54;
22/07/2024;GYES_Y+1;PVB;ES;01/01/2025;31/12/2025;35.83;
21/07/2024;GDAES_D+1;PVB;ES;22/07/2024;22/07/2024;31.82;
20/07/2024;GDAES_D+1;PVB;ES;21/07/2024;21/07/2024;30.7;
19/07/2024;GDAES_D+1;PVB;ES;20/07/2024;20/07/2024;32.1;
19/07/2024;GMAES;PVB;ES;01/08/2024;31/08/2024;32.03;
19/07/2024;GQES_Q+1;PVB;ES;01/10/2024;31/12/2024;35.58;
19/07/2024;GYES_Y+1;PVB;ES;01/01/2025;31/12/2025;35.98;
18/07/2024;GDAES_D+1;PVB;ES;19/07/2024;19/07/2024;32.65;
18/07/2024;GMAES;PVB;ES;01/08/2024;31/08/2024;32.5;
18/07/2024;GQES_Q+1;PVB;ES;01/10/2024;31/12/2024;36.05;
18/07/2024;GYES_Y+1;PVB;ES;01/01/2025;31/12/2025;36.38;
17/07/2024;GDAES_D+1;PVB;ES;18/07/2024;18/07/2024;32.11;
17/07/2024;GMAES;PVB;ES;01/08/2024;31/08/2024;31.83;
17/07/2024;GQES_Q+1;PVB;ES;01/10/2024;31/12/2024;35.55;
17/07/2024;GYES_Y+1;PVB;ES;01/01/2025;31/12/2025;35.95;
16/07/2024;GDAES_D+1;PVB;ES;17/07/2024;17/07/2024;32.74;
16/07/2024;GMAES;PVB;ES;01/08/2024;31/08/2024;32.8;
16/07/2024;GQES_Q+1;PVB;ES;01/10/2024;31/12/2024;36.5;
16/07/2024;GYES_Y+1;PVB;ES;01/01/2025;31/12/2025;36.88;
15/07/2024;GDAES_D+1;PVB;ES;16/07/2024;16/07/2024;31.07;
15/07/2024;GMAES;PVB;ES;01/08/2024;31/08/2024;31.35;
15/07/2024;GQES_Q+1;PVB;ES;01/10/2024;31/12/2024;35.38;
15/07/2024;GYES_Y+1;PVB;ES;01/01/2025;31/12/2025;35.9;
14/07/2024;GDAES_D+1;PVB;ES;15/07/2024;15/07/2024;31.46;
13/07/2024;GDAES_D+1;PVB;ES;14/07/2024;14/07/2024;31.78;
12/07/2024;GDAES_D+1;PVB;ES;13/07/2024;13/07/2024;31.45;
12/07/2024;GMAES;PVB;ES;01/08/2024;31/08/2024;31.58;
12/07/2024;GQES_Q+1;PVB;ES;01/10/2024;31/12/2024;35.88;
12/07/2024;GYES_Y+1;PVB;ES;01/01/2025;31/12/2025;36.33;
11/07/2024;GDAES_D+1;PVB;ES;12/07/2024;12/07/2024;30.58;
11/07/2024;GMAES;PVB;ES;01/08/2024;31/08/2024;30.83;
11/07/2024;GQES_Q+1;PVB;ES;01/10/2024;31/12/2024;35.15;
11/07/2024;GYES_Y+1;PVB;ES;01/01/2025;31/12/2025;35.65;
10/07/2024;GDAES_D+1;PVB;ES;11/07/2024;11/07/2024;30.38;
10/07/2024;GMAES;PVB;ES;01/08/2024;31/08/2024;30.6;
10/07/2024;GQES_Q+1;PVB;ES;01/10/2024;31/12/2024;34.8;
10/07/2024;GYES_Y+1;PVB;ES;01/01/2025;31/12/2025;35.35;
09/07/2024;GDAES_D+1;PVB;ES;10/07/2024;10/07/2024;30.69;
09/07/2024;GMAES;PVB;ES;01/08/2024;31/08/2024;31.01;
09/07/2024;GQES_Q+1;PVB;ES;01/10/2024;31/12/2024;35.15;
09/07/2024;GYES_Y+1;PVB;ES;01/01/2025;31/12/2025;35.6;
08/07/2024;GDAES_D+1;PVB;ES;09/07/2024;09/07/2024;31.66;
08/07/2024;GMAES;PVB;ES;01/08/2024;31/08/2024;31.93;
08/07/2024;GQES_Q+1;PVB;ES;01/10/2024;31/12/2024;36.4;
08/07/2024;GYES_Y+1;PVB;ES;01/01/2025;31/12/2025;36.53;
07/07/2024;GDAES_D+1;PVB;ES;08/07/2024;08/07/2024;32.09;
06/07/2024;GDAES_D+1;PVB;ES;07/07/2024;07/07/2024;32.58;
05/07/2024;GDAES_D+1;PVB;ES;06/07/2024;06/07/2024;32.38;
05/07/2024;GMAES;PVB;ES;01/08/2024;31/08/2024;32.93;
05/07/2024;GQES_Q+1;PVB;ES;01/10/2024;31/12/2024;36.7;
05/07/2024;GYES_Y+1;PVB;ES;01/01/2025;31/12/2025;36.9;
04/07/2024;GDAES_D+1;PVB;ES;05/07/2024;05/07/2024;32.95;
04/07/2024;GMAES;PVB;ES;01/08/2024;31/08/2024;33.23;
04/07/2024;GQES_Q+1;PVB;ES;01/10/2024;31/12/2024;37.13;
04/07/2024;GYES_Y+1;PVB;ES;01/01/2025;31/12/2025;37.38;
03/07/2024;GDAES_D+1;PVB;ES;04/07/2024;04/07/2024;32.49;
03/07/2024;GMAES;PVB;ES;01/08/2024;31/08/2024;32.53;
03/07/2024;GQES_Q+1;PVB;ES;01/10/2024;31/12/2024;36.8;
03/07/2024;GYES_Y+1;PVB;ES;01/01/2025;31/12/2025;37;
02/07/2024;GDAES_D+1;PVB;ES;03/07/2024;03/07/2024;33.33;
02/07/2024;GMAES;PVB;ES;01/08/2024;31/08/2024;33.18;
02/07/2024;GQES_Q+1;PVB;ES;01/10/2024;31/12/2024;37.3;
02/07/2024;GYES_Y+1;PVB;ES;01/01/2025;31/12/2025;37.35;
01/07/2024;GDAES_D+1;PVB;ES;02/07/2024;02/07/2024;33.33;
01/07/2024;GMAES;PVB;ES;01/08/2024;31/08/2024;33.35;
01/07/2024;GQES_Q+1;PVB;ES;01/10/2024;31/12/2024;36.9;
01/07/2024;GYES_Y+1;PVB;ES;01/01/2025;31/12/2025;36.85;
30/06/2024;GDAES_D+1;PVB;ES;01/07/2024;01/07/2024;34.2;
29/06/2024;GDAES_D+1;PVB;ES;30/06/2024;30/06/2024;34.71;
28/06/2024;GDAES_D+1;PVB;ES;29/06/2024;29/06/2024;34.06;
28/06/2024;GMAES;PVB;ES;01/07/2024;31/07/2024;34.03;
28/06/2024;GYES_Y+1;PVB;ES;01/01/2025;31/12/2025;37.05;
27/06/2024;GDAES_D+1;PVB;ES;28/06/2024;28/06/2024;34.39;
27/06/2024;GMAES;PVB;ES;01/07/2024;31/07/2024;34.03;
27/06/2024;GQES_Q+1;PVB;ES;01/07/2024;30/09/2024;34.65;
27/06/2024;GYES_Y+1;PVB;ES;01/01/2025;31/12/2025;36.95;
26/06/2024;GDAES_D+1;PVB;ES;27/06/2024;27/06/2024;34.37;
26/06/2024;GMAES;PVB;ES;01/07/2024;31/07/2024;34.03;
26/06/2024;GQES_Q+1;PVB;ES;01/07/2024;30/09/2024;34.5;
26/06/2024;GYES_Y+1;PVB;ES;01/01/2025;31/12/2025;36.7;
25/06/2024;GDAES_D+1;PVB;ES;26/06/2024;26/06/2024;35.31;
25/06/2024;GMAES;PVB;ES;01/07/2024;31/07/2024;34.83;
25/06/2024;GQES_Q+1;PVB;ES;01/07/2024;30/09/2024;35.23;
25/06/2024;GYES_Y+1;PVB;ES;01/01/2025;31/12/2025;37.15;
24/06/2024;GDAES_D+1;PVB;ES;25/06/2024;25/06/2024;34.25;
24/06/2024;GMAES;PVB;ES;01/07/2024;31/07/2024;34.25;
24/06/2024;GQES_Q+1;PVB;ES;01/07/2024;30/09/2024;34.74;
24/06/2024;GYES_Y+1;PVB;ES;01/01/2025;31/12/2025;36.9;
23/06/2024;GDAES_D+1;PVB;ES;24/06/2024;24/06/2024;34.35;
22/06/2024;GDAES_D+1;PVB;ES;23/06/2024;23/06/2024;34.38;
21/06/2024;GDAES_D+1;PVB;ES;22/06/2024;22/06/2024;34;
21/06/2024;GMAES;PVB;ES;01/07/2024;31/07/2024;34.08;
21/06/2024;GQES_Q+1;PVB;ES;01/07/2024;30/09/2024;34.52;
21/06/2024;GYES_Y+1;PVB;ES;01/01/2025;31/12/2025;37.34;
20/06/2024;GDAES_D+1;PVB;ES;21/06/2024;21/06/2024;34.49;
20/06/2024;GMAES;PVB;ES;01/07/2024;31/07/2024;34.43;
20/06/2024;GQES_Q+1;PVB;ES;01/07/2024;30/09/2024;35.05;
20/06/2024;GYES_Y+1;PVB;ES;01/01/2025;31/12/2025;37.14;
19/06/2024;GDAES_D+1;PVB;ES;20/06/2024;20/06/2024;35.38;
19/06/2024;GMAES;PVB;ES;01/07/2024;31/07/2024;35.33;
19/06/2024;GQES_Q+1;PVB;ES;01/07/2024;30/09/2024;35.98;
19/06/2024;GYES_Y+1;PVB;ES;01/01/2025;31/12/2025;37.3;
18/06/2024;GDAES_D+1;PVB;ES;19/06/2024;19/06/2024;34.22;
18/06/2024;GMAES;PVB;ES;01/07/2024;31/07/2024;34.53;
18/06/2024;GQES_Q+1;PVB;ES;01/07/2024;30/09/2024;35.24;
18/06/2024;GYES_Y+1;PVB;ES;01/01/2025;31/12/2025;36.5;
17/06/2024;GDAES_D+1;PVB;ES;18/06/2024;18/06/2024;34.09;
17/06/2024;GMAES;PVB;ES;01/07/2024;31/07/2024;34.2;
17/06/2024;GQES_Q+1;PVB;ES;01/07/2024;30/09/2024;35.26;
17/06/2024;GYES_Y+1;PVB;ES;01/01/2025;31/12/2025;35.95;
16/06/2024;GDAES_D+1;PVB;ES;17/06/2024;17/06/2024;34.77;
15/06/2024;GDAES_D+1;PVB;ES;16/06/2024;16/06/2024;34.19;
14/06/2024;GDAES_D+1;PVB;ES;15/06/2024;15/06/2024;35.5;
14/06/2024;GMAES;PVB;ES;01/07/2024;31/07/2024;35.43;
14/06/2024;GQES_Q+1;PVB;ES;01/07/2024;30/09/2024;35.95;
14/06/2024;GYES_Y+1;PVB;ES;01/01/2025;31/12/2025;36.65;
13/06/2024;GDAES_D+1;PVB;ES;14/06/2024;14/06/2024;35.75;
13/06/2024;GMAES;PVB;ES;01/07/2024;31/07/2024;35.75;
13/06/2024;GQES_Q+1;PVB;ES;01/07/2024;30/09/2024;35.9;
13/06/2024;GYES_Y+1;PVB;ES;01/01/2025;31/12/2025;36.75;
12/06/2024;GDAES_D+1;PVB;ES;13/06/2024;13/06/2024;35.26;
12/06/2024;GMAES;PVB;ES;01/07/2024;31/07/2024;35.23;
12/06/2024;GQES_Q+1;PVB;ES;01/07/2024;30/09/2024;35.55;
12/06/2024;GYES_Y+1;PVB;ES;01/01/2025;31/12/2025;36.45;
11/06/2024;GDAES_D+1;PVB;ES;12/06/2024;12/06/2024;34.55;
11/06/2024;GMAES;PVB;ES;01/07/2024;31/07/2024;34.08;
11/06/2024;GQES_Q+1;PVB;ES;01/07/2024;30/09/2024;34.45;
11/06/2024;GYES_Y+1;PVB;ES;01/01/2025;31/12/2025;35.7;
10/06/2024;GDAES_D+1;PVB;ES;11/06/2024;11/06/2024;35.02;
10/06/2024;GMAES;PVB;ES;01/07/2024;31/07/2024;34.63;
10/06/2024;GQES_Q+1;PVB;ES;01/07/2024;30/09/2024;35.05;
10/06/2024;GYES_Y+1;PVB;ES;01/01/2025;31/12/2025;36.45;
09/06/2024;GDAES_D+1;PVB;ES;10/06/2024;10/06/2024;33.86;
08/06/2024;GDAES_D+1;PVB;ES;09/06/2024;09/06/2024;33.78;
07/06/2024;GDAES_D+1;PVB;ES;08/06/2024;08/06/2024;33.4;
07/06/2024;GMAES;PVB;ES;01/07/2024;31/07/2024;33.38;
07/06/2024;GQES_Q+1;PVB;ES;01/07/2024;30/09/2024;33.7;
07/06/2024;GYES_Y+1;PVB;ES;01/01/2025;31/12/2025;35.25;
06/06/2024;GDAES_D+1;PVB;ES;07/06/2024;07/06/2024;33.96;
06/06/2024;GMAES;PVB;ES;01/07/2024;31/07/2024;33.43;
06/06/2024;GQES_Q+1;PVB;ES;01/07/2024;30/09/2024;33.75;
06/06/2024;GYES_Y+1;PVB;ES;01/01/2025;31/12/2025;35.15;
05/06/2024;GDAES_D+1;PVB;ES;06/06/2024;06/06/2024;34.04;
05/06/2024;GMAES;PVB;ES;01/07/2024;31/07/2024;33.45;
05/06/2024;GQES_Q+1;PVB;ES;01/07/2024;30/09/2024;33.95;
05/06/2024;GYES_Y+1;PVB;ES;01/01/2025;31/12/2025;35.15;
04/06/2024;GDAES_D+1;PVB;ES;05/06/2024;05/06/2024;34.8;
04/06/2024;GMAES;PVB;ES;01/07/2024;31/07/2024;34.33;
04/06/2024;GQES_Q+1;PVB;ES;01/07/2024;30/09/2024;34.55;
04/06/2024;GYES_Y+1;PVB;ES;01/01/2025;31/12/2025;36;
03/06/2024;GDAES_D+1;PVB;ES;04/06/2024;04/06/2024;36.47;
03/06/2024;GMAES;PVB;ES;01/07/2024;31/07/2024;35.83;
03/06/2024;GQES_Q+1;PVB;ES;01/07/2024;30/09/2024;36.2;
03/06/2024;GYES_Y+1;PVB;ES;01/01/2025;31/12/2025;37.49;
02/06/2024;GDAES_D+1;PVB;ES;03/06/2024;03/06/2024;34.85;
01/06/2024;GDAES_D+1;PVB;ES;02/06/2024;02/06/2024;33.85;
31/05/2024;GDAES_D+1;PVB;ES;01/06/2024;01/06/2024;34.5;
31/05/2024;GMAES;PVB;ES;01/06/2024;30/06/2024;34.93;
31/05/2024;GQES_Q+1;PVB;ES;01/07/2024;30/09/2024;34.77;
31/05/2024;GYES_Y+1;PVB;ES;01/01/2025;31/12/2025;36.46;
30/05/2024;GDAES_D+1;PVB;ES;31/05/2024;31/05/2024;35.34;
30/05/2024;GMAES;PVB;ES;01/06/2024;30/06/2024;35.2;
30/05/2024;GQES_Q+1;PVB;ES;01/07/2024;30/09/2024;35.73;
30/05/2024;GYES_Y+1;PVB;ES;01/01/2025;31/12/2025;37.85;
29/05/2024;GDAES_D+1;PVB;ES;30/05/2024;30/05/2024;34.35;
29/05/2024;GMAES;PVB;ES;01/06/2024;30/06/2024;33.87;
29/05/2024;GQES_Q+1;PVB;ES;01/07/2024;30/09/2024;34.41;
29/05/2024;GYES_Y+1;PVB;ES;01/01/2025;31/12/2025;37.1;
28/05/2024;GDAES_D+1;PVB;ES;29/05/2024;29/05/2024;34.22;
28/05/2024;GMAES;PVB;ES;01/06/2024;30/06/2024;33.58;
28/05/2024;GQES_Q+1;PVB;ES;01/07/2024;30/09/2024;34.27;
28/05/2024;GYES_Y+1;PVB;ES;01/01/2025;31/12/2025;36.85;
27/05/2024;GDAES_D+1;PVB;ES;28/05/2024;28/05/2024;35.74;
27/05/2024;GMAES;PVB;ES;01/06/2024;30/06/2024;35.2;
27/05/2024;GQES_Q+1;PVB;ES;01/07/2024;30/09/2024;35.9;
27/05/2024;GYES_Y+1;PVB;ES;01/01/2025;31/12/2025;38.2;
26/05/2024;GDAES_D+1;PVB;ES;27/05/2024;27/05/2024;34.48;
25/05/2024;GDAES_D+1;PVB;ES;26/05/2024;26/05/2024;34.3;
24/05/2024;GDAES_D+1;PVB;ES;25/05/2024;25/05/2024;34.62;
24/05/2024;GMAES;PVB;ES;01/06/2024;30/06/2024;34.03;
24/05/2024;GQES_Q+1;PVB;ES;01/07/2024;30/09/2024;34.5;
24/05/2024;GYES_Y+1;PVB;ES;01/01/2025;31/12/2025;37.2;
23/05/2024;GDAES_D+1;PVB;ES;24/05/2024;24/05/2024;35.88;
23/05/2024;GMAES;PVB;ES;01/06/2024;30/06/2024;35.3;
23/05/2024;GQES_Q+1;PVB;ES;01/07/2024;30/09/2024;36.1;
23/05/2024;GYES_Y+1;PVB;ES;01/01/2025;31/12/2025;38.4;
22/05/2024;GDAES_D+1;PVB;ES;23/05/2024;23/05/2024;35.13;
22/05/2024;GMAES;PVB;ES;01/06/2024;30/06/2024;34.55;
22/05/2024;GQES_Q+1;PVB;ES;01/07/2024;30/09/2024;35.45;
22/05/2024;GYES_Y+1;PVB;ES;01/01/2025;31/12/2025;38.05;
21/05/2024;GDAES_D+1;PVB;ES;22/05/2024;22/05/2024;33.46;
21/05/2024;GMAES;PVB;ES;01/06/2024;30/06/2024;32.95;
21/05/2024;GQES_Q+1;PVB;ES;01/07/2024;30/09/2024;33.9;
21/05/2024;GYES_Y+1;PVB;ES;01/01/2025;31/12/2025;37.1;
20/05/2024;GDAES_D+1;PVB;ES;21/05/2024;21/05/2024;32.35;
20/05/2024;GMAES;PVB;ES;01/06/2024;30/06/2024;31.93;
20/05/2024;GQES_Q+1;PVB;ES;01/07/2024;30/09/2024;32.6;
20/05/2024;GYES_Y+1;PVB;ES;01/01/2025;31/12/2025;35.95;
19/05/2024;GDAES_D+1;PVB;ES;20/05/2024;20/05/2024;31.61;
18/05/2024;GDAES_D+1;PVB;ES;19/05/2024;19/05/2024;31.65;
17/05/2024;GDAES_D+1;PVB;ES;18/05/2024;18/05/2024;30.98;
17/05/2024;GMAES;PVB;ES;01/06/2024;30/06/2024;30.5;
17/05/2024;GQES_Q+1;PVB;ES;01/07/2024;30/09/2024;31.2;
17/05/2024;GYES_Y+1;PVB;ES;01/01/2025;31/12/2025;35.05;
16/05/2024;GDAES_D+1;PVB;ES;17/05/2024;17/05/2024;30.81;
16/05/2024;GMAES;PVB;ES;01/06/2024;30/06/2024;30.33;
16/05/2024;GQES_Q+1;PVB;ES;01/07/2024;30/09/2024;31;
16/05/2024;GYES_Y+1;PVB;ES;01/01/2025;31/12/2025;35.1;
15/05/2024;GDAES_D+1;PVB;ES;16/05/2024;16/05/2024;29.85;
15/05/2024;GMAES;PVB;ES;01/06/2024;30/06/2024;29.63;
15/05/2024;GQES_Q+1;PVB;ES;01/07/2024;30/09/2024;30.37;
15/05/2024;GYES_Y+1;PVB;ES;01/01/2025;31/12/2025;35.13;
14/05/2024;GDAES_D+1;PVB;ES;15/05/2024;15/05/2024;29.81;
14/05/2024;GMAES;PVB;ES;01/06/2024;30/06/2024;29.45;
14/05/2024;GQES_Q+1;PVB;ES;01/07/2024;30/09/2024;30.3;
14/05/2024;GYES_Y+1;PVB;ES;01/01/2025;31/12/2025;34.55;
13/05/2024;GDAES_D+1;PVB;ES;14/05/2024;14/05/2024;29.23;
13/05/2024;GMAES;PVB;ES;01/06/2024;30/06/2024;29.2;
13/05/2024;GQES_Q+1;PVB;ES;01/07/2024;30/09/2024;30.05;
13/05/2024;GYES_Y+1;PVB;ES;01/01/2025;31/12/2025;34.15;
12/05/2024;GDAES_D+1;PVB;ES;13/05/2024;13/05/2024;30;
11/05/2024;GDAES_D+1;PVB;ES;12/05/2024;12/05/2024;29.35;
10/05/2024;GDAES_D+1;PVB;ES;11/05/2024;11/05/2024;30.13;
10/05/2024;GMAES;PVB;ES;01/06/2024;30/06/2024;29.43;
10/05/2024;GQES_Q+1;PVB;ES;01/07/2024;30/09/2024;30.15;
10/05/2024;GYES_Y+1;PVB;ES;01/01/2025;31/12/2025;34.05;
09/05/2024;GDAES_D+1;PVB;ES;10/05/2024;10/05/2024;30.77;
09/05/2024;GMAES;PVB;ES;01/06/2024;30/06/2024;30.65;
09/05/2024;GQES_Q+1;PVB;ES;01/07/2024;30/09/2024;31.35;
09/05/2024;GYES_Y+1;PVB;ES;01/01/2025;31/12/2025;34.8;
08/05/2024;GDAES_D+1;PVB;ES;09/05/2024;09/05/2024;30.25;
08/05/2024;GMAES;PVB;ES;01/06/2024;30/06/2024;30.45;
08/05/2024;GQES_Q+1;PVB;ES;01/07/2024;30/09/2024;31.05;
08/05/2024;GYES_Y+1;PVB;ES;01/01/2025;31/12/2025;34.5;
07/05/2024;GDAES_D+1;PVB;ES;08/05/2024;08/05/2024;30.72;
07/05/2024;GMAES;PVB;ES;01/06/2024;30/06/2024;30.65;
07/05/2024;GQES_Q+1;PVB;ES;01/07/2024;30/09/2024;31.2;
07/05/2024;GYES_Y+1;PVB;ES;01/01/2025;31/12/2025;34.6;
06/05/2024;GDAES_D+1;PVB;ES;07/05/2024;07/05/2024;32.15;
06/05/2024;GMAES;PVB;ES;01/06/2024;30/06/2024;31.63;
06/05/2024;GQES_Q+1;PVB;ES;01/07/2024;30/09/2024;31.97;
06/05/2024;GYES_Y+1;PVB;ES;01/01/2025;31/12/2025;35.28;
05/05/2024;GDAES_D+1;PVB;ES;06/05/2024;06/05/2024;30.41;
04/05/2024;GDAES_D+1;PVB;ES;05/05/2024;05/05/2024;29.76;
03/05/2024;GDAES_D+1;PVB;ES;04/05/2024;04/05/2024;30.63;
03/05/2024;GMAES;PVB;ES;01/06/2024;30/06/2024;30.13;
03/05/2024;GQES_Q+1;PVB;ES;01/07/2024;30/09/2024;30.61;
03/05/2024;GYES_Y+1;PVB;ES;01/01/2025;31/12/2025;33.92;
02/05/2024;GDAES_D+1;PVB;ES;03/05/2024;03/05/2024;30.56;
02/05/2024;GMAES;PVB;ES;01/06/2024;30/06/2024;30.81;
02/05/2024;GQES_Q+1;PVB;ES;01/07/2024;30/09/2024;31.3;
02/05/2024;GYES_Y+1;PVB;ES;01/01/2025;31/12/2025;34.41;
01/05/2024;GDAES_D+1;PVB;ES;02/05/2024;02/05/2024;29.12;
30/04/2024;GDAES_D+1;PVB;ES;01/05/2024;01/05/2024;29.52;
30/04/2024;GMAES;PVB;ES;01/05/2024;31/05/2024;29.15;
30/04/2024;GQES_Q+1;PVB;ES;01/07/2024;30/09/2024;29.8;
30/04/2024;GYES_Y+1;PVB;ES;01/01/2025;31/12/2025;33.1;
29/04/2024;GDAES_D+1;PVB;ES;30/04/2024;30/04/2024;28.26;
29/04/2024;GMAES;PVB;ES;01/05/2024;31/05/2024;27.94;
29/04/2024;GQES_Q+1;PVB;ES;01/07/2024;30/09/2024;28.53;
29/04/2024;GYES_Y+1;PVB;ES;01/01/2025;31/12/2025;31.9;
28/04/2024;GDAES_D+1;PVB;ES;29/04/2024;29/04/2024;29.99;
27/04/2024;GDAES_D+1;PVB;ES;28/04/2024;28/04/2024;29.67;
26/04/2024;GDAES_D+1;PVB;ES;27/04/2024;27/04/2024;29.21;
26/04/2024;GMAES;PVB;ES;01/05/2024;31/05/2024;28.58;
26/04/2024;GQES_Q+1;PVB;ES;01/07/2024;30/09/2024;29.38;
26/04/2024;GYES_Y+1;PVB;ES;01/01/2025;31/12/2025;32.75;
25/04/2024;GDAES_D+1;PVB;ES;26/04/2024;26/04/2024;30.27;
25/04/2024;GMAES;PVB;ES;01/05/2024;31/05/2024;29.63;
25/04/2024;GQES_Q+1;PVB;ES;01/07/2024;30/09/2024;30.25;
25/04/2024;GYES_Y+1;PVB;ES;01/01/2025;31/12/2025;33.25;
24/04/2024;GDAES_D+1;PVB;ES;25/04/2024;25/04/2024;29.43;
24/04/2024;GMAES;PVB;ES;01/05/2024;31/05/2024;28.18;
24/04/2024;GQES_Q+1;PVB;ES;01/07/2024;30/09/2024;28.8;
24/04/2024;GYES_Y+1;PVB;ES;01/01/2025;31/12/2025;32.67;
23/04/2024;GDAES_D+1;PVB;ES;24/04/2024;24/04/2024;28.65;
23/04/2024;GMAES;PVB;ES;01/05/2024;31/05/2024;28.23;
23/04/2024;GQES_Q+1;PVB;ES;01/07/2024;30/09/2024;28.83;
23/04/2024;GYES_Y+1;PVB;ES;01/01/2025;31/12/2025;32.15;
22/04/2024;GDAES_D+1;PVB;ES;23/04/2024;23/04/2024;29.15;
22/04/2024;GMAES;PVB;ES;01/05/2024;31/05/2024;28.88;
22/04/2024;GQES_Q+1;PVB;ES;01/07/2024;30/09/2024;29.45;
22/04/2024;GYES_Y+1;PVB;ES;01/01/2025;31/12/2025;32.55;
21/04/2024;GDAES_D+1;PVB;ES;22/04/2024;22/04/2024;30.61;
20/04/2024;GDAES_D+1;PVB;ES;21/04/2024;21/04/2024;30.49;
19/04/2024;GDAES_D+1;PVB;ES;20/04/2024;20/04/2024;30.5;
19/04/2024;GMAES;PVB;ES;01/05/2024;31/05/2024;30.43;
19/04/2024;GQES_Q+1;PVB;ES;01/07/2024;30/09/2024;30.85;
19/04/2024;GYES_Y+1;PVB;ES;01/01/2025;31/12/2025;33.6;
18/04/2024;GDAES_D+1;PVB;ES;19/04/2024;19/04/2024;32.18;
18/04/2024;GMAES;PVB;ES;01/05/2024;31/05/2024;31.98;
18/04/2024;GQES_Q+1;PVB;ES;01/07/2024;30/09/2024;32.48;
18/04/2024;GYES_Y+1;PVB;ES;01/01/2025;31/12/2025;35.1;
17/04/2024;GDAES_D+1;PVB;ES;18/04/2024;18/04/2024;30.7;
17/04/2024;GMAES;PVB;ES;01/05/2024;31/05/2024;31.28;
17/04/2024;GQES_Q+1;PVB;ES;01/07/2024;30/09/2024;31.65;
17/04/2024;GYES_Y+1;PVB;ES;01/01/2025;31/12/2025;34.4;
16/04/2024;GDAES_D+1;PVB;ES;17/04/2024;17/04/2024;33.05;
16/04/2024;GMAES;PVB;ES;01/05/2024;31/05/2024;33.18;
16/04/2024;GQES_Q+1;PVB;ES;01/07/2024;30/09/2024;33.55;
16/04/2024;GYES_Y+1;PVB;ES;01/01/2025;31/12/2025;36.25;
15/04/2024;GDAES_D+1;PVB;ES;16/04/2024;16/04/2024;31.05;
15/04/2024;GMAES;PVB;ES;01/05/2024;31/05/2024;31.23;
15/04/2024;GQES_Q+1;PVB;ES;01/07/2024;30/09/2024;31.66;
15/04/2024;GYES_Y+1;PVB;ES;01/01/2025;31/12/2025;35.25;
14/04/2024;GDAES_D+1;PVB;ES;15/04/2024;15/04/2024;31.1;
13/04/2024;GDAES_D+1;PVB;ES;14/04/2024;14/04/2024;29.54;
12/04/2024;GDAES_D+1;PVB;ES;13/04/2024;13/04/2024;30.13;
12/04/2024;GMAES;PVB;ES;01/05/2024;31/05/2024;30.43;
12/04/2024;GQES_Q+1;PVB;ES;01/07/2024;30/09/2024;31.33;
12/04/2024;GYES_Y+1;PVB;ES;01/01/2025;31/12/2025;35.15;
11/04/2024;GDAES_D+1;PVB;ES;12/04/2024;12/04/2024;29.62;
11/04/2024;GMAES;PVB;ES;01/05/2024;31/05/2024;29.4;
11/04/2024;GQES_Q+1;PVB;ES;01/07/2024;30/09/2024;30.15;
11/04/2024;GYES_Y+1;PVB;ES;01/01/2025;31/12/2025;34.35;
10/04/2024;GDAES_D+1;PVB;ES;11/04/2024;11/04/2024;27.87;
10/04/2024;GMAES;PVB;ES;01/05/2024;31/05/2024;27.18;
10/04/2024;GQES_Q+1;PVB;ES;01/07/2024;30/09/2024;28.05;
10/04/2024;GYES_Y+1;PVB;ES;01/01/2025;31/12/2025;32.15;
09/04/2024;GDAES_D+1;PVB;ES;10/04/2024;10/04/2024;27.61;
09/04/2024;GMAES;PVB;ES;01/05/2024;31/05/2024;27.35;
09/04/2024;GQES_Q+1;PVB;ES;01/07/2024;30/09/2024;28.05;
09/04/2024;GYES_Y+1;PVB;ES;01/01/2025;31/12/2025;31.95;
08/04/2024;GDAES_D+1;PVB;ES;09/04/2024;09/04/2024;27.86;
08/04/2024;GMAES;PVB;ES;01/05/2024;31/05/2024;27.73;
08/04/2024;GQES_Q+1;PVB;ES;01/07/2024;30/09/2024;28.45;
08/04/2024;GYES_Y+1;PVB;ES;01/01/2025;31/12/2025;32.05;
07/04/2024;GDAES_D+1;PVB;ES;08/04/2024;08/04/2024;27.01;
06/04/2024;GDAES_D+1;PVB;ES;07/04/2024;07/04/2024;27.55;
05/04/2024;GDAES_D+1;PVB;ES;06/04/2024;06/04/2024;26.83;
05/04/2024;GMAES;PVB;ES;01/05/2024;31/05/2024;26.33;
05/04/2024;GQES_Q+1;PVB;ES;01/07/2024;30/09/2024;27.15;
05/04/2024;GYES_Y+1;PVB;ES;01/01/2025;31/12/2025;30.6;
04/04/2024;GDAES_D+1;PVB;ES;05/04/2024;05/04/2024;26.33;
04/04/2024;GMAES;PVB;ES;01/05/2024;31/05/2024;26.18;
04/04/2024;GQES_Q+1;PVB;ES;01/07/2024;30/09/2024;26.9;
04/04/2024;GYES_Y+1;PVB;ES;01/01/2025;31/12/2025;30.2;
03/04/2024;GDAES_D+1;PVB;ES;04/04/2024;04/04/2024;26;
03/04/2024;GMAES;PVB;ES;01/05/2024;31/05/2024;25.77;
03/04/2024;GQES_Q+1;PVB;ES;01/07/2024;30/09/2024;26.35;
03/04/2024;GYES_Y+1;PVB;ES;01/01/2025;31/12/2025;29.8;
02/04/2024;GDAES_D+1;PVB;ES;03/04/2024;03/04/2024;26.8;
02/04/2024;GMAES;PVB;ES;01/05/2024;31/05/2024;26.35;
02/04/2024;GQES_Q+1;PVB;ES;01/07/2024;30/09/2024;26.75;
02/04/2024;GYES_Y+1;PVB;ES;01/01/2025;31/12/2025;29.9;
01/04/2024;GDAES_D+1;PVB;ES;02/04/2024;02/04/2024;29.67;
31/03/2024;GDAES_D+1;PVB;ES;01/04/2024;01/04/2024;29.11;
30/03/2024;GDAES_D+1;PVB;ES;31/03/2024;31/03/2024;28.64;
29/03/2024;GDAES_D+1;PVB;ES;30/03/2024;30/03/2024;27.79;
28/03/2024;GDAES_D+1;PVB;ES;29/03/2024;29/03/2024;27.31;
28/03/2024;GMAES;PVB;ES;01/04/2024;30/04/2024;27.5;
28/03/2024;GYES_Y+1;PVB;ES;01/01/2025;31/12/2025;31.13;
27/03/2024;GDAES_D+1;PVB;ES;28/03/2024;28/03/2024;27.58;
27/03/2024;GMAES;PVB;ES;01/04/2024;30/04/2024;27.38;
27/03/2024;GQES_Q+1;PVB;ES;01/04/2024;30/06/2024;26.97;
27/03/2024;GYES_Y+1;PVB;ES;01/01/2025;31/12/2025;30.54;
26/03/2024;GDAES_D+1;PVB;ES;27/03/2024;27/03/2024;27.12;
26/03/2024;GMAES;PVB;ES;01/04/2024;30/04/2024;27.18;
26/03/2024;GQES_Q+1;PVB;ES;01/04/2024;30/06/2024;27.27;
26/03/2024;GYES_Y+1;PVB;ES;01/01/2025;31/12/2025;30.5;
25/03/2024;GDAES_D+1;PVB;ES;26/03/2024;26/03/2024;28.16;
25/03/2024;GMAES;PVB;ES;01/04/2024;30/04/2024;28.15;
25/03/2024;GQES_Q+1;PVB;ES;01/04/2024;30/06/2024;28.2;
25/03/2024;GYES_Y+1;PVB;ES;01/01/2025;31/12/2025;31.05;
24/03/2024;GDAES_D+1;PVB;ES;25/03/2024;25/03/2024;27.24;
23/03/2024;GDAES_D+1;PVB;ES;24/03/2024;24/03/2024;26.97;
22/03/2024;GDAES_D+1;PVB;ES;23/03/2024;23/03/2024;27.57;
22/03/2024;GMAES;PVB;ES;01/04/2024;30/04/2024;27.23;
22/03/2024;GQES_Q+1;PVB;ES;01/04/2024;30/06/2024;27.35;
22/03/2024;GYES_Y+1;PVB;ES;01/01/2025;31/12/2025;30.15;
21/03/2024;GDAES_D+1;PVB;ES;22/03/2024;22/03/2024;26.38;
21/03/2024;GMAES;PVB;ES;01/04/2024;30/04/2024;26.18;
21/03/2024;GQES_Q+1;PVB;ES;01/04/2024;30/06/2024;26.31;
21/03/2024;GYES_Y+1;PVB;ES;01/01/2025;31/12/2025;29.4;
20/03/2024;GDAES_D+1;PVB;ES;21/03/2024;21/03/2024;27.89;
20/03/2024;GMAES;PVB;ES;01/04/2024;30/04/2024;27.63;
20/03/2024;GQES_Q+1;PVB;ES;01/04/2024;30/06/2024;27.6;
20/03/2024;GYES_Y+1;PVB;ES;01/01/2025;31/12/2025;30.1;
19/03/2024;GDAES_D+1;PVB;ES;20/03/2024;20/03/2024;28.75;
19/03/2024;GMAES;PVB;ES;01/04/2024;30/04/2024;28.66;
19/03/2024;GQES_Q+1;PVB;ES;01/04/2024;30/06/2024;28.71;
19/03/2024;GYES_Y+1;PVB;ES;01/01/2025;31/12/2025;30.75;
18/03/2024;GDAES_D+1;PVB;ES;19/03/2024;19/03/2024;28.65;
18/03/2024;GMAES;PVB;ES;01/04/2024;30/04/2024;28.5;
18/03/2024;GQES_Q+1;PVB;ES;01/04/2024;30/06/2024;28.52;
18/03/2024;GYES_Y+1;PVB;ES;01/01/2025;31/12/2025;30.45;
17/03/2024;GDAES_D+1;PVB;ES;18/03/2024;18/03/2024;28.02;
16/03/2024;GDAES_D+1;PVB;ES;17/03/2024;17/03/2024;27.74;
15/03/2024;GDAES_D+1;PVB;ES;16/03/2024;16/03/2024;27.23;
15/03/2024;GMAES;PVB;ES;01/04/2024;30/04/2024;27.07;
15/03/2024;GQES_Q+1;PVB;ES;01/04/2024;30/06/2024;27;
15/03/2024;GYES_Y+1;PVB;ES;01/01/2025;31/12/2025;29.65;
14/03/2024;GDAES_D+1;PVB;ES;15/03/2024;15/03/2024;25.71;
14/03/2024;GMAES;PVB;ES;01/04/2024;30/04/2024;25.78;
14/03/2024;GQES_Q+1;PVB;ES;01/04/2024;30/06/2024;25.8;
14/03/2024;GYES_Y+1;PVB;ES;01/01/2025;31/12/2025;29.05;
13/03/2024;GDAES_D+1;PVB;ES;14/03/2024;14/03/2024;24.84;
13/03/2024;GMAES;PVB;ES;01/04/2024;30/04/2024;24.67;
13/03/2024;GQES_Q+1;PVB;ES;01/04/2024;30/06/2024;24.6;
13/03/2024;GYES_Y+1;PVB;ES;01/01/2025;31/12/2025;28.2;
12/03/2024;GDAES_D+1;PVB;ES;13/03/2024;13/03/2024;24.76;
12/03/2024;GMAES;PVB;ES;01/04/2024;30/04/2024;24.53;
12/03/2024;GQES_Q+1;PVB;ES;01/04/2024;30/06/2024;24.67;
12/03/2024;GYES_Y+1;PVB;ES;01/01/2025;31/12/2025;28.52;
11/03/2024;GDAES_D+1;PVB;ES;12/03/2024;12/03/2024;24.92;
11/03/2024;GMAES;PVB;ES;01/04/2024;30/04/2024;24.65;
11/03/2024;GQES_Q+1;PVB;ES;01/04/2024;30/06/2024;24.78;
11/03/2024;GYES_Y+1;PVB;ES;01/01/2025;31/12/2025;28.3;
10/03/2024;GDAES_D+1;PVB;ES;11/03/2024;11/03/2024;26.75;
09/03/2024;GDAES_D+1;PVB;ES;10/03/2024;10/03/2024;26.86;
08/03/2024;GDAES_D+1;PVB;ES;09/03/2024;09/03/2024;26.28;
08/03/2024;GMAES;PVB;ES;01/04/2024;30/04/2024;25.98;
08/03/2024;GQES_Q+1;PVB;ES;01/04/2024;30/06/2024;26;
08/03/2024;GYES_Y+1;PVB;ES;01/01/2025;31/12/2025;29.1;
07/03/2024;GDAES_D+1;PVB;ES;08/03/2024;08/03/2024;25.81;
07/03/2024;GMAES;PVB;ES;01/04/2024;30/04/2024;25.5;
07/03/2024;GQES_Q+1;PVB;ES;01/04/2024;30/06/2024;25.68;
07/03/2024;GYES_Y+1;PVB;ES;01/01/2025;31/12/2025;29.15;
06/03/2024;GDAES_D+1;PVB;ES;07/03/2024;07/03/2024;26.01;
06/03/2024;GMAES;PVB;ES;01/04/2024;30/04/2024;25.98;
06/03/2024;GQES_Q+1;PVB;ES;01/04/2024;30/06/2024;26.02;
06/03/2024;GYES_Y+1;PVB;ES;01/01/2025;31/12/2025;29.45;
05/03/2024;GDAES_D+1;PVB;ES;06/03/2024;06/03/2024;27.29;
05/03/2024;GMAES;PVB;ES;01/04/2024;30/04/2024;26.98;
05/03/2024;GQES_Q+1;PVB;ES;01/04/2024;30/06/2024;27.25;
05/03/2024;GYES_Y+1;PVB;ES;01/01/2025;31/12/2025;30.35;
04/03/2024;GDAES_D+1;PVB;ES;05/03/2024;05/03/2024;26.52;
04/03/2024;GMAES;PVB;ES;01/04/2024;30/04/2024;26.25;
04/03/2024;GQES_Q+1;PVB;ES;01/04/2024;30/06/2024;26.28;
04/03/2024;GYES_Y+1;PVB;ES;01/01/2025;31/12/2025;29.98;
03/03/2024;GDAES_D+1;PVB;ES;04/03/2024;04/03/2024;25.03;
02/03/2024;GDAES_D+1;PVB;ES;03/03/2024;03/03/2024;24.72;
01/03/2024;GDAES_D+1;PVB;ES;02/03/2024;02/03/2024;25.22;
01/03/2024;GMAES;PVB;ES;01/04/2024;30/04/2024;24.7;
01/03/2024;GQES_Q+1;PVB;ES;01/04/2024;30/06/2024;24.85;
01/03/2024;GYES_Y+1;PVB;ES;01/01/2025;31/12/2025;28.7;
29/02/2024;GDAES_D+1;PVB;ES;01/03/2024;01/03/2024;24.45;
29/02/2024;GMAES;PVB;ES;01/03/2024;31/03/2024;24.26;
29/02/2024;GQES_Q+1;PVB;ES;01/04/2024;30/06/2024;24.35;
29/02/2024;GYES_Y+1;PVB;ES;01/01/2025;31/12/2025;28.56;
28/02/2024;GDAES_D+1;PVB;ES;29/02/2024;29/02/2024;25.06;
28/02/2024;GMAES;PVB;ES;01/03/2024;31/03/2024;24.65;
28/02/2024;GQES_Q+1;PVB;ES;01/04/2024;30/06/2024;24.85;
28/02/2024;GYES_Y+1;PVB;ES;01/01/2025;31/12/2025;28.55;
27/02/2024;GDAES_D+1;PVB;ES;28/02/2024;28/02/2024;24.4;
27/02/2024;GMAES;PVB;ES;01/03/2024;31/03/2024;23.33;
27/02/2024;GQES_Q+1;PVB;ES;01/04/2024;30/06/2024;24.12;
27/02/2024;GYES_Y+1;PVB;ES;01/01/2025;31/12/2025;27.76;
26/02/2024;GDAES_D+1;PVB;ES;27/02/2024;27/02/2024;23.99;
26/02/2024;GMAES;PVB;ES;01/03/2024;31/03/2024;23.14;
26/02/2024;GQES_Q+1;PVB;ES;01/04/2024;30/06/2024;23.3;
26/02/2024;GYES_Y+1;PVB;ES;01/01/2025;31/12/2025;26.65;
25/02/2024;GDAES_D+1;PVB;ES;26/02/2024;26/02/2024;23.39;
24/02/2024;GDAES_D+1;PVB;ES;25/02/2024;25/02/2024;23.62;
23/02/2024;GDAES_D+1;PVB;ES;24/02/2024;24/02/2024;22.72;
23/02/2024;GMAES;PVB;ES;01/03/2024;31/03/2024;22.23;
23/02/2024;GQES_Q+1;PVB;ES;01/04/2024;30/06/2024;22.7;
23/02/2024;GYES_Y+1;PVB;ES;01/01/2025;31/12/2025;26.8;
22/02/2024;GDAES_D+1;PVB;ES;23/02/2024;23/02/2024;22.91;
22/02/2024;GMAES;PVB;ES;01/03/2024;31/03/2024;22.73;
22/02/2024;GQES_Q+1;PVB;ES;01/04/2024;30/06/2024;22.48;
22/02/2024;GYES_Y+1;PVB;ES;01/01/2025;31/12/2025;26.79;
21/02/2024;GDAES_D+1;PVB;ES;22/02/2024;22/02/2024;23.78;
21/02/2024;GMAES;PVB;ES;01/03/2024;31/03/2024;23.38;
21/02/2024;GQES_Q+1;PVB;ES;01/04/2024;30/06/2024;23.38;
21/02/2024;GYES_Y+1;PVB;ES;01/01/2025;31/12/2025;27.45;
20/02/2024;GDAES_D+1;PVB;ES;21/02/2024;21/02/2024;23.86;
20/02/2024;GMAES;PVB;ES;01/03/2024;31/03/2024;23.23;
20/02/2024;GQES_Q+1;PVB;ES;01/04/2024;30/06/2024;23.8;
20/02/2024;GYES_Y+1;PVB;ES;01/01/2025;31/12/2025;27.8;
19/02/2024;GDAES_D+1;PVB;ES;20/02/2024;20/02/2024;23.3;
19/02/2024;GMAES;PVB;ES;01/03/2024;31/03/2024;22.9;
19/02/2024;GQES_Q+1;PVB;ES;01/04/2024;30/06/2024;23.26;
19/02/2024;GYES_Y+1;PVB;ES;01/01/2025;31/12/2025;26.98;
18/02/2024;GDAES_D+1;PVB;ES;19/02/2024;19/02/2024;24.07;
17/02/2024;GDAES_D+1;PVB;ES;18/02/2024;18/02/2024;24.51;
16/02/2024;GDAES_D+1;PVB;ES;17/02/2024;17/02/2024;24.65;
16/02/2024;GMAES;PVB;ES;01/03/2024;31/03/2024;24.01;
16/02/2024;GQES_Q+1;PVB;ES;01/04/2024;30/06/2024;24.44;
16/02/2024;GYES_Y+1;PVB;ES;01/01/2025;31/12/2025;27.9;
15/02/2024;GDAES_D+1;PVB;ES;16/02/2024;16/02/2024;24.45;
15/02/2024;GMAES;PVB;ES;01/03/2024;31/03/2024;24.5;
15/02/2024;GQES_Q+1;PVB;ES;01/04/2024;30/06/2024;25.06;
15/02/2024;GYES_Y+1;PVB;ES;01/01/2025;31/12/2025;28.31;
14/02/2024;GDAES_D+1;PVB;ES;15/02/2024;15/02/2024;24.43;
14/02/2024;GMAES;PVB;ES;01/03/2024;31/03/2024;23.93;
14/02/2024;GQES_Q+1;PVB;ES;01/04/2024;30/06/2024;24.66;
14/02/2024;GYES_Y+1;PVB;ES;01/01/2025;31/12/2025;27.73;
13/02/2024;GDAES_D+1;PVB;ES;14/02/2024;14/02/2024;25.15;
13/02/2024;GMAES;PVB;ES;01/03/2024;31/03/2024;24.58;
13/02/2024;GQES_Q+1;PVB;ES;01/04/2024;30/06/2024;25.15;
13/02/2024;GYES_Y+1;PVB;ES;01/01/2025;31/12/2025;27.95;
12/02/2024;GDAES_D+1;PVB;ES;13/02/2024;13/02/2024;25.36;
12/02/2024;GMAES;PVB;ES;01/03/2024;31/03/2024;24.88;
12/02/2024;GQES_Q+1;PVB;ES;01/04/2024;30/06/2024;25.12;
12/02/2024;GYES_Y+1;PVB;ES;01/01/2025;31/12/2025;28.15;
11/02/2024;GDAES_D+1;PVB;ES;12/02/2024;12/02/2024;25.62;
10/02/2024;GDAES_D+1;PVB;ES;11/02/2024;11/02/2024;25.81;
09/02/2024;GDAES_D+1;PVB;ES;10/02/2024;10/02/2024;26.44;
09/02/2024;GMAES;PVB;ES;01/03/2024;31/03/2024;26.01;
09/02/2024;GQES_Q+1;PVB;ES;01/04/2024;30/06/2024;26.05;
09/02/2024;GYES_Y+1;PVB;ES;01/01/2025;31/12/2025;28.35;
08/02/2024;GDAES_D+1;PVB;ES;09/02/2024;09/02/2024;26.86;
08/02/2024;GMAES;PVB;ES;01/03/2024;31/03/2024;26.63;
08/02/2024;GQES_Q+1;PVB;ES;01/04/2024;30/06/2024;26.85;
08/02/2024;GYES_Y+1;PVB;ES;01/01/2025;31/12/2025;29.25;
07/02/2024;GDAES_D+1;PVB;ES;08/02/2024;08/02/2024;27.27;
07/02/2024;GMAES;PVB;ES;01/03/2024;31/03/2024;26.98;
07/02/2024;GQES_Q+1;PVB;ES;01/04/2024;30/06/2024;27.85;
07/02/2024;GYES_Y+1;PVB;ES;01/01/2025;31/12/2025;30.8;
06/02/2024;GDAES_D+1;PVB;ES;07/02/2024;07/02/2024;27.56;
06/02/2024;GMAES;PVB;ES;01/03/2024;31/03/2024;27.4;
06/02/2024;GQES_Q+1;PVB;ES;01/04/2024;30/06/2024;28.1;
06/02/2024;GYES_Y+1;PVB;ES;01/01/2025;31/12/2025;30.7;
05/02/2024;GDAES_D+1;PVB;ES;06/02/2024;06/02/2024;27.68;
05/02/2024;GMAES;PVB;ES;01/03/2024;31/03/2024;27.03;
05/02/2024;GQES_Q+1;PVB;ES;01/04/2024;30/06/2024;27.5;
05/02/2024;GYES_Y+1;PVB;ES;01/01/2025;31/12/2025;30.8;
04/02/2024;GDAES_D+1;PVB;ES;05/02/2024;05/02/2024;29.48;
03/02/2024;GDAES_D+1;PVB;ES;04/02/2024;04/02/2024;28.31;
02/02/2024;GDAES_D+1;PVB;ES;03/02/2024;03/02/2024;28.19;
02/02/2024;GMAES;PVB;ES;01/03/2024;31/03/2024;27.85;
02/02/2024;GQES_Q+1;PVB;ES;01/04/2024;30/06/2024;28.15;
02/02/2024;GYES_Y+1;PVB;ES;01/01/2025;31/12/2025;31.75;
01/02/2024;GDAES_D+1;PVB;ES;02/02/2024;02/02/2024;27.63;
01/02/2024;GMAES;PVB;ES;01/03/2024;31/03/2024;27.93;
01/02/2024;GQES_Q+1;PVB;ES;01/04/2024;30/06/2024;28.45;
01/02/2024;GYES_Y+1;PVB;ES;01/01/2025;31/12/2025;31.95;
31/01/2024;GDAES_D+1;PVB;ES;01/02/2024;01/02/2024;28.91;
31/01/2024;GMAES;PVB;ES;01/02/2024;29/02/2024;28.73;
31/01/2024;GQES_Q+1;PVB;ES;01/04/2024;30/06/2024;29.25;
31/01/2024;GYES_Y+1;PVB;ES;01/01/2025;31/12/2025;32.25;
30/01/2024;GDAES_D+1;PVB;ES;31/01/2024;31/01/2024;28.71;
30/01/2024;GMAES;PVB;ES;01/02/2024;29/02/2024;28.6;
30/01/2024;GQES_Q+1;PVB;ES;01/04/2024;30/06/2024;29.05;
30/01/2024;GYES_Y+1;PVB;ES;01/01/2025;31/12/2025;31.85;
29/01/2024;GDAES_D+1;PVB;ES;30/01/2024;30/01/2024;27.41;
29/01/2024;GMAES;PVB;ES;01/02/2024;29/02/2024;27.48;
29/01/2024;GQES_Q+1;PVB;ES;01/04/2024;30/06/2024;28.3;
29/01/2024;GYES_Y+1;PVB;ES;01/01/2025;31/12/2025;31.3;
28/01/2024;GDAES_D+1;PVB;ES;29/01/2024;29/01/2024;28.02;
27/01/2024;GDAES_D+1;PVB;ES;28/01/2024;28/01/2024;27.09;
26/01/2024;GDAES_D+1;PVB;ES;27/01/2024;27/01/2024;26.94;
26/01/2024;GMAES;PVB;ES;01/02/2024;29/02/2024;26.88;
26/01/2024;GQES_Q+1;PVB;ES;01/04/2024;30/06/2024;27.65;
26/01/2024;GYES_Y+1;PVB;ES;01/01/2025;31/12/2025;31.4;
25/01/2024;GDAES_D+1;PVB;ES;26/01/2024;26/01/2024;26.58;
25/01/2024;GMAES;PVB;ES;01/02/2024;29/02/2024;26.68;
25/01/2024;GQES_Q+1;PVB;ES;01/04/2024;30/06/2024;27.6;
25/01/2024;GYES_Y+1;PVB;ES;01/01/2025;31/12/2025;31.05;
24/01/2024;GDAES_D+1;PVB;ES;25/01/2024;25/01/2024;27.94;
24/01/2024;GMAES;PVB;ES;01/02/2024;29/02/2024;27.65;
24/01/2024;GQES_Q+1;PVB;ES;01/04/2024;30/06/2024;28.41;
24/01/2024;GYES_Y+1;PVB;ES;01/01/2025;31/12/2025;32.06;
23/01/2024;GDAES_D+1;PVB;ES;24/01/2024;24/01/2024;26.92;
23/01/2024;GMAES;PVB;ES;01/02/2024;29/02/2024;26.1;
23/01/2024;GQES_Q+1;PVB;ES;01/04/2024;30/06/2024;27.1;
23/01/2024;GYES_Y+1;PVB;ES;01/01/2025;31/12/2025;30.7;
22/01/2024;GDAES_D+1;PVB;ES;23/01/2024;23/01/2024;27.48;
22/01/2024;GMAES;PVB;ES;01/02/2024;29/02/2024;26.43;
22/01/2024;GQES_Q+1;PVB;ES;01/04/2024;30/06/2024;27.5;
22/01/2024;GYES_Y+1;PVB;ES;01/01/2025;31/12/2025;30.68;
21/01/2024;GDAES_D+1;PVB;ES;22/01/2024;22/01/2024;27.48;
20/01/2024;GDAES_D+1;PVB;ES;21/01/2024;21/01/2024;27.84;
19/01/2024;GDAES_D+1;PVB;ES;20/01/2024;20/01/2024;27.98;
19/01/2024;GMAES;PVB;ES;01/02/2024;29/02/2024;27.06;
19/01/2024;GQES_Q+1;PVB;ES;01/04/2024;30/06/2024;27.7;
19/01/2024;GYES_Y+1;PVB;ES;01/01/2025;31/12/2025;31.1;
18/01/2024;GDAES_D+1;PVB;ES;19/01/2024;19/01/2024;27.46;
18/01/2024;GMAES;PVB;ES;01/02/2024;29/02/2024;26.56;
18/01/2024;GQES_Q+1;PVB;ES;01/04/2024;30/06/2024;27.05;
18/01/2024;GYES_Y+1;PVB;ES;01/01/2025;31/12/2025;30.8;
17/01/2024;GDAES_D+1;PVB;ES;18/01/2024;18/01/2024;26.55;
17/01/2024;GMAES;PVB;ES;01/02/2024;29/02/2024;25.58;
17/01/2024;GQES_Q+1;PVB;ES;01/04/2024;30/06/2024;26;
17/01/2024;GYES_Y+1;PVB;ES;01/01/2025;31/12/2025;30.35;
16/01/2024;GDAES_D+1;PVB;ES;17/01/2024;17/01/2024;28.51;
16/01/2024;GMAES;PVB;ES;01/02/2024;29/02/2024;27.9;
16/01/2024;GQES_Q+1;PVB;ES;01/04/2024;30/06/2024;27.91;
16/01/2024;GYES_Y+1;PVB;ES;01/01/2025;31/12/2025;31.75;
15/01/2024;GDAES_D+1;PVB;ES;16/01/2024;16/01/2024;29.47;
15/01/2024;GMAES;PVB;ES;01/02/2024;29/02/2024;28.13;
15/01/2024;GQES_Q+1;PVB;ES;01/04/2024;30/06/2024;28.7;
15/01/2024;GYES_Y+1;PVB;ES;01/01/2025;31/12/2025;31.95;
14/01/2024;GDAES_D+1;PVB;ES;15/01/2024;15/01/2024;32.01;
13/01/2024;GDAES_D+1;PVB;ES;14/01/2024;14/01/2024;32.18;
12/01/2024;GDAES_D+1;PVB;ES;13/01/2024;13/01/2024;31.09;
12/01/2024;GMAES;PVB;ES;01/02/2024;29/02/2024;30.38;
12/01/2024;GQES_Q+1;PVB;ES;01/04/2024;30/06/2024;30.65;
12/01/2024;GYES_Y+1;PVB;ES;01/01/2025;31/12/2025;33.05;
11/01/2024;GDAES_D+1;PVB;ES;12/01/2024;12/01/2024;30.43;
11/01/2024;GMAES;PVB;ES;01/02/2024;29/02/2024;29.28;
11/01/2024;GQES_Q+1;PVB;ES;01/04/2024;30/06/2024;29.9;
11/01/2024;GYES_Y+1;PVB;ES;01/01/2025;31/12/2025;32.5;
10/01/2024;GDAES_D+1;PVB;ES;11/01/2024;11/01/2024;30.85;
10/01/2024;GMAES;PVB;ES;01/02/2024;29/02/2024;29.39;
10/01/2024;GQES_Q+1;PVB;ES;01/04/2024;30/06/2024;29.7;
10/01/2024;GYES_Y+1;PVB;ES;01/01/2025;31/12/2025;33;
09/01/2024;GDAES_D+1;PVB;ES;10/01/2024;10/01/2024;31.24;
09/01/2024;GMAES;PVB;ES;01/02/2024;29/02/2024;29.45;
09/01/2024;GQES_Q+1;PVB;ES;01/04/2024;30/06/2024;30.1;
09/01/2024;GYES_Y+1;PVB;ES;01/01/2025;31/12/2025;32.7;
08/01/2024;GDAES_D+1;PVB;ES;09/01/2024;09/01/2024;32.37;
08/01/2024;GMAES;PVB;ES;01/02/2024;29/02/2024;30.19;
08/01/2024;GQES_Q+1;PVB;ES;01/04/2024;30/06/2024;30.25;
08/01/2024;GYES_Y+1;PVB;ES;01/01/2025;31/12/2025;32.9;
07/01/2024;GDAES_D+1;PVB;ES;08/01/2024;08/01/2024;37.67;
06/01/2024;GDAES_D+1;PVB;ES;07/01/2024;07/01/2024;34.68;
05/01/2024;GDAES_D+1;PVB;ES;06/01/2024;06/01/2024;34.28;
05/01/2024;GMAES;PVB;ES;01/02/2024;29/02/2024;32.99;
05/01/2024;GQES_Q+1;PVB;ES;01/04/2024;30/06/2024;32.68;
05/01/2024;GYES_Y+1;PVB;ES;01/01/2025;31/12/2025;34.19;
04/01/2024;GDAES_D+1;PVB;ES;05/01/2024;05/01/2024;32.77;
04/01/2024;GMAES;PVB;ES;01/02/2024;29/02/2024;31.78;
04/01/2024;GQES_Q+1;PVB;ES;01/04/2024;30/06/2024;31.5;
04/01/2024;GYES_Y+1;PVB;ES;01/01/2025;31/12/2025;33.8;
03/01/2024;GDAES_D+1;PVB;ES;04/01/2024;04/01/2024;32.82;
03/01/2024;GMAES;PVB;ES;01/02/2024;29/02/2024;31.77;
03/01/2024;GQES_Q+1;PVB;ES;01/04/2024;30/06/2024;31.3;
03/01/2024;GYES_Y+1;PVB;ES;01/01/2025;31/12/2025;33.75;
02/01/2024;GDAES_D+1;PVB;ES;03/01/2024;03/01/2024;30.11;
02/01/2024;GMAES;PVB;ES;01/02/2024;29/02/2024;29.35;
02/01/2024;GQES_Q+1;PVB;ES;01/04/2024;30/06/2024;28.8;
02/01/2024;GYES_Y+1;PVB;ES;01/01/2025;31/12/2025;32.15;
01/01/2024;GDAES_D+1;PVB;ES;02/01/2024;02/01/2024;31.32;
31/12/2023;GDAES_D+1;PVB;ES;01/01/2024;01/01/2024;31.18;
30/12/2023;GDAES_D+1;PVB;ES;31/12/2023;31/12/2023;30.99;
29/12/2023;GDAES_D+1;PVB;ES;30/12/2023;30/12/2023;31.59;
29/12/2023;GMAES;PVB;ES;01/01/2024;31/01/2024;32.25;
28/12/2023;GDAES_D+1;PVB;ES;29/12/2023;29/12/2023;31.35;
28/12/2023;GMAES;PVB;ES;01/01/2024;31/01/2024;31.2;
28/12/2023;GQES_Q+1;PVB;ES;01/01/2024;31/03/2024;31.55;
28/12/2023;GYES_Y+1;PVB;ES;01/01/2024;31/12/2024;32.48;
27/12/2023;GDAES_D+1;PVB;ES;28/12/2023;28/12/2023;33.26;
27/12/2023;GMAES;PVB;ES;01/01/2024;31/01/2024;33.56;
27/12/2023;GQES_Q+1;PVB;ES;01/01/2024;31/03/2024;33.86;
27/12/2023;GYES_Y+1;PVB;ES;01/01/2024;31/12/2024;34.46;
26/12/2023;GDAES_D+1;PVB;ES;27/12/2023;27/12/2023;34.85;
25/12/2023;GDAES_D+1;PVB;ES;26/12/2023;26/12/2023;33.81;
24/12/2023;GDAES_D+1;PVB;ES;25/12/2023;25/12/2023;33.55;
23/12/2023;GDAES_D+1;PVB;ES;24/12/2023;24/12/2023;32.26;
22/12/2023;GDAES_D+1;PVB;ES;23/12/2023;23/12/2023;33.5;
22/12/2023;GMAES;PVB;ES;01/01/2024;31/01/2024;32;
22/12/2023;GQES_Q+1;PVB;ES;01/01/2024;31/03/2024;32.31;
22/12/2023;GYES_Y+1;PVB;ES;01/01/2024;31/12/2024;33.05;
21/12/2023;GDAES_D+1;PVB;ES;22/12/2023;22/12/2023;31.31;
21/12/2023;GMAES;PVB;ES;01/01/2024;31/01/2024;32.25;
21/12/2023;GQES_Q+1;PVB;ES;01/01/2024;31/03/2024;32.81;
21/12/2023;GYES_Y+1;PVB;ES;01/01/2024;31/12/2024;33.8;
20/12/2023;GDAES_D+1;PVB;ES;21/12/2023;21/12/2023;31.5;
20/12/2023;GMAES;PVB;ES;01/01/2024;31/01/2024;31.6;
20/12/2023;GQES_Q+1;PVB;ES;01/01/2024;31/03/2024;31.75;
20/12/2023;GYES_Y+1;PVB;ES;01/01/2024;31/12/2024;32.61;
19/12/2023;GDAES_D+1;PVB;ES;20/12/2023;20/12/2023;30.81;
19/12/2023;GMAES;PVB;ES;01/01/2024;31/01/2024;31.1;
19/12/2023;GQES_Q+1;PVB;ES;01/01/2024;31/03/2024;31.2;
19/12/2023;GYES_Y+1;PVB;ES;01/01/2024;31/12/2024;32.19;
18/12/2023;GDAES_D+1;PVB;ES;19/12/2023;19/12/2023;33.94;
18/12/2023;GMAES;PVB;ES;01/01/2024;31/01/2024;33.41;
18/12/2023;GQES_Q+1;PVB;ES;01/01/2024;31/03/2024;33.7;
18/12/2023;GYES_Y+1;PVB;ES;01/01/2024;31/12/2024;34.6;
17/12/2023;GDAES_D+1;PVB;ES;18/12/2023;18/12/2023;34.49;
16/12/2023;GDAES_D+1;PVB;ES;17/12/2023;17/12/2023;32.49;
15/12/2023;GDAES_D+1;PVB;ES;16/12/2023;16/12/2023;30.76;
15/12/2023;GMAES;PVB;ES;01/01/2024;31/01/2024;31.1;
15/12/2023;GQES_Q+1;PVB;ES;01/01/2024;31/03/2024;31.5;
15/12/2023;GYES_Y+1;PVB;ES;01/01/2024;31/12/2024;32.75;
14/12/2023;GDAES_D+1;PVB;ES;15/12/2023;15/12/2023;31.78;
14/12/2023;GMAES;PVB;ES;01/01/2024;31/01/2024;32.35;
14/12/2023;GQES_Q+1;PVB;ES;01/01/2024;31/03/2024;33.13;
14/12/2023;GYES_Y+1;PVB;ES;01/01/2024;31/12/2024;34.35;
13/12/2023;GDAES_D+1;PVB;ES;14/12/2023;14/12/2023;32.87;
13/12/2023;GMAES;PVB;ES;01/01/2024;31/01/2024;33.1;
13/12/2023;GQES_Q+1;PVB;ES;01/01/2024;31/03/2024;33.64;
13/12/2023;GYES_Y+1;PVB;ES;01/01/2024;31/12/2024;34.8;
12/12/2023;GDAES_D+1;PVB;ES;13/12/2023;13/12/2023;32.07;
12/12/2023;GMAES;PVB;ES;01/01/2024;31/01/2024;32.13;
12/12/2023;GQES_Q+1;PVB;ES;01/01/2024;31/03/2024;33.5;
12/12/2023;GYES_Y+1;PVB;ES;01/01/2024;31/12/2024;34.4;
11/12/2023;GDAES_D+1;PVB;ES;12/12/2023;12/12/2023;33.56;
11/12/2023;GMAES;PVB;ES;01/01/2024;31/01/2024;33.73;
11/12/2023;GQES_Q+1;PVB;ES;01/01/2024;31/03/2024;34.6;
11/12/2023;GYES_Y+1;PVB;ES;01/01/2024;31/12/2024;35.5;
10/12/2023;GDAES_D+1;PVB;ES;11/12/2023;11/12/2023;36.18;
09/12/2023;GDAES_D+1;PVB;ES;10/12/2023;10/12/2023;35.11;
08/12/2023;GDAES_D+1;PVB;ES;09/12/2023;09/12/2023;37.29;
08/12/2023;GMAES;PVB;ES;01/01/2024;31/01/2024;36.12;
08/12/2023;GQES_Q+1;PVB;ES;01/01/2024;31/03/2024;36.46;
08/12/2023;GYES_Y+1;PVB;ES;01/01/2024;31/12/2024;36.98;
07/12/2023;GDAES_D+1;PVB;ES;08/12/2023;08/12/2023;37.5;
07/12/2023;GMAES;PVB;ES;01/01/2024;31/01/2024;37.18;
07/12/2023;GQES_Q+1;PVB;ES;01/01/2024;31/03/2024;37.52;
07/12/2023;GYES_Y+1;PVB;ES;01/01/2024;31/12/2024;37.87;
06/12/2023;GDAES_D+1;PVB;ES;07/12/2023;07/12/2023;36.17;
06/12/2023;GMAES;PVB;ES;01/01/2024;31/01/2024;37;
06/12/2023;GQES_Q+1;PVB;ES;01/01/2024;31/03/2024;37.29;
06/12/2023;GYES_Y+1;PVB;ES;01/01/2024;31/12/2024;37.67;
