"Status";"Gas Day Start";"Gas in storage (TWh)";"Full (%)";"Trend (%)";"Injection (GWh/d)";"Withdrawal (GWh/d)";"Technical Capacity (TWh)";"Injection capacity (GWh/d)";"Withdrawal capacity (GWh/d)"
"E";"2024-12-16";"889.5508";"77.5";"-0.41";"326.28";"5219.7";"1147.8346";"11727.31";"19876.61"
"E";"2024-12-15";"894.2829";"77.91";"-0.36";"431.56";"4572.9";"1147.8346";"11726.92";"19877.63"
"E";"2024-12-14";"898.4366";"78.27";"-0.49";"246.54";"5835.9";"1147.8346";"11726.36";"19879.12"
"E";"2024-12-13";"904.028";"78.76";"-0.68";"105.91";"8036.5";"1147.8346";"11725.5";"19881.39"
"E";"2024-12-12";"911.8127";"79.44";"-0.72";"75.27";"8341.4";"1147.8346";"11724.74";"19883.4"
"E";"2024-12-11";"920.0981";"80.16";"-0.72";"96.44";"8362";"1147.8346";"11710.93";"19839.12"
"E";"2024-12-10";"928.3364";"80.88";"-0.65";"92.69";"7591.4";"1147.7616";"11702.2";"19812.25"
"E";"2024-12-09";"935.8409";"81.54";"-0.5";"164.69";"5921.3";"1147.7616";"11722.47";"19889.15"
"E";"2024-12-08";"941.5848";"82.04";"-0.32";"400.78";"4034.6";"1147.7616";"11722.15";"19889.97"
"E";"2024-12-07";"945.257";"82.36";"-0.33";"407.39";"4227.4";"1147.7616";"11721.92";"19890.59"
"E";"2024-12-06";"949.0749";"82.69";"-0.42";"335.23";"5124.9";"1147.7616";"11708.33";"19845.73"
"E";"2024-12-05";"953.8657";"83.11";"-0.49";"212.42";"5803.7";"1147.7616";"11697.85";"19805.1"
"E";"2024-12-04";"959.4948";"83.6";"-0.56";"132.24";"6509.5";"1147.7616";"11697.11";"19807.06"
"E";"2024-12-03";"965.8722";"84.15";"-0.5";"215.95";"5944.9";"1147.8226";"11696.38";"19808.98"
"E";"2024-12-02";"971.6148";"84.65";"-0.43";"243.76";"5129.7";"1147.8226";"11698.94";"19811.86"
"C";"2024-12-01";"976.5068";"85.07";"-0.33";"386.32";"4159";"1147.8226";"11719.62";"19887.66"
"C";"2024-11-30";"980.2924";"85.4";"-0.33";"552.37";"4369.6";"1147.8226";"11719.12";"19887.98"
"E";"2024-11-29";"984.1175";"85.74";"-0.47";"79.51";"5513.1";"1147.8226";"11718.17";"19890.49"
"C";"2024-11-28";"989.536";"86.21";"-0.43";"72.08";"5034.7";"1147.8226";"11717.38";"19892.58"
"C";"2024-11-27";"994.5046";"86.64";"-0.4";"199.13";"4792.7";"1147.8226";"11717.13";"19846.84"
"C";"2024-11-26";"999.1069";"87.04";"-0.38";"110.33";"4448.4";"1147.8226";"11716.91";"19808.15"
"C";"2024-11-25";"1003.5183";"87.43";"-0.27";"479.91";"3591.2";"1147.8226";"11716.8";"19819.13"
"C";"2024-11-24";"1006.6319";"87.7";"-0.2";"1001.14";"3266.7";"1147.8226";"11716.74";"19894.27"
"C";"2024-11-23";"1008.966";"87.9";"-0.39";"369.27";"4782.6";"1147.8226";"11716.28";"19895.49"
"C";"2024-11-22";"1013.4083";"88.29";"-0.56";"155.18";"6516.8";"1147.8226";"11715.42";"19897.74"
"C";"2024-11-21";"1019.7869";"88.85";"-0.56";"95.35";"6511.4";"1147.8226";"11690.87";"19899.22"
"C";"2024-11-20";"1026.272";"89.41";"-0.45";"144.71";"5429.7";"1147.8226";"11689.74";"19902.19"
"E";"2024-11-19";"1031.4284";"89.87";"-0.44";"172.99";"5220.5";"1147.7026";"11689.11";"19905.85"
"C";"2024-11-18";"1036.4798";"90.31";"-0.43";"92.94";"5078.4";"1147.7026";"11688.6";"19907.2"
"C";"2024-11-17";"1041.4607";"90.74";"-0.27";"309.92";"3330.7";"1147.7026";"11688.38";"19907.78"
"E";"2024-11-16";"1044.5084";"91.01";"-0.26";"330.68";"3292.1";"1147.7026";"11688.19";"19908.27"
"C";"2024-11-15";"1047.4972";"91.27";"-0.4";"188.17";"4768.9";"1147.7026";"11687.89";"19909.07"
"E";"2024-11-14";"1052.0765";"91.67";"-0.43";"159.6";"5159.1";"1147.7026";"11688.81";"19906.65"
"C";"2024-11-13";"1057.0241";"92.1";"-0.49";"114.33";"5630.2";"1147.7026";"11688.12";"19908.46"
"C";"2024-11-12";"1062.5996";"92.58";"-0.46";"101.29";"5035.7";"1147.7026";"11687.13";"19911.07"
"C";"2024-11-11";"1067.9223";"93.05";"-0.28";"203.93";"3604.8";"1147.7026";"11686.85";"19911.83"
"C";"2024-11-10";"1071.17";"93.33";"-0.21";"333.56";"2692.6";"1147.7026";"11686.29";"19913.28"
"E";"2024-11-09";"1073.5467";"93.54";"-0.23";"315.56";"2898.3";"1147.7026";"11685.68";"19914.9"
"C";"2024-11-08";"1076.1573";"93.77";"-0.3";"209.98";"3663.7";"1147.7026";"11684.83";"19917.15"
"C";"2024-11-07";"1079.628";"94.07";"-0.34";"80.78";"4162.7";"1147.7026";"11683.94";"19919.5"
"C";"2024-11-06";"1083.5531";"94.41";"-0.33";"143.19";"3916.8";"1147.7026";"11679.81";"19915.74"
"C";"2024-11-05";"1087.3265";"94.74";"-0.26";"152.57";"3234";"1147.7026";"11682.89";"19921.55"
"C";"2024-11-04";"1090.344";"95";"-0.2";"266.73";"2506.4";"1147.7026";"11682.35";"19922.97"
"E";"2024-11-03";"1092.5879";"95.2";"-0.03";"829.06";"1108.7";"1147.7026";"11706.64";"19922.22"
"C";"2024-11-02";"1092.889";"95.22";"0.01";"1087.22";"932.5";"1147.7026";"11707.06";"19921.1"
"C";"2024-11-01";"1092.7385";"95.21";"0.04";"1291.55";"920.5";"1147.7026";"11707.31";"19920.44"
"E";"2024-10-31";"1092.2645";"95.17";"-0.05";"596.57";"960.1";"1147.7026";"11810.34";"19893.79"
"C";"2024-10-30";"1092.8025";"95.22";"0";"537.37";"923";"1147.7026";"11810.15";"19894.3"
"C";"2024-10-29";"1092.7798";"95.22";"-0.1";"461.94";"1010.3";"1147.6726";"11810.15";"19894.29"
"C";"2024-10-28";"1093.9151";"95.32";"0.01";"937.69";"860";"1147.6726";"11810.06";"19894.52"
"C";"2024-10-27";"1093.8354";"95.31";"0.05";"1276.73";"714.8";"1147.6116";"11810.11";"19894.4"
"E";"2024-10-26";"1093.3126";"95.27";"0.06";"1354.15";"656.8";"1147.6116";"12030.89";"20228.35"
"C";"2024-10-25";"1092.6501";"95.21";"-0.01";"744.24";"869.2";"1147.6116";"11810";"19894.69"
"C";"2024-10-24";"1092.7514";"95.22";"-0.04";"552.32";"941.9";"1147.6116";"11809.76";"19895.31"
"C";"2024-10-23";"1093.1611";"95.26";"-0.06";"527.3";"1109.3";"1147.6116";"11778.62";"19889.55"
"E";"2024-10-22";"1093.8104";"95.31";"-0.01";"671.51";"814.1";"1147.6116";"11809.47";"19896.07"
"C";"2024-10-21";"1093.9433";"95.32";"0.01";"850.49";"751.7";"1147.6116";"11809.41";"19896.23"
"C";"2024-10-20";"1093.8074";"95.31";"0.11";"1649.49";"392.7";"1147.6116";"11809.44";"19896.16"
"C";"2024-10-19";"1092.5668";"95.2";"0.1";"1542.46";"418.9";"1147.6116";"11809.45";"19896.14"
"C";"2024-10-18";"1091.4619";"95.11";"0.03";"948.58";"570.8";"1147.6116";"11809.44";"19896.17"
"C";"2024-10-17";"1091.1009";"95.08";"0.02";"1004.34";"680.2";"1147.5831";"11809.42";"19896.21"
"C";"2024-10-16";"1090.8219";"95.05";"0.05";"1147.86";"590.7";"1147.5831";"11800.42";"19864.09"
"C";"2024-10-15";"1090.2953";"95.01";"0.01";"972.88";"861.5";"1147.5331";"11809.42";"19896.22"
"E";"2024-10-14";"1090.1826";"95.02";"-0.05";"745.17";"1264.8";"1147.3331";"11887.14";"19820.44"
"C";"2024-10-13";"1090.7099";"95.07";"0.09";"1547.94";"541.5";"1147.2331";"11887.29";"19820.07"
"C";"2024-10-12";"1089.718";"94.99";"0.1";"1632.95";"472.6";"1147.2331";"11887.43";"19819.7"
"C";"2024-10-11";"1088.5727";"94.89";"0.03";"1129.66";"719.1";"1147.2031";"11887.41";"19819.74"
"C";"2024-10-10";"1088.1785";"94.85";"0.09";"1573.48";"500.3";"1147.2931";"11886.55";"19822.01"
"C";"2024-10-09";"1087.1228";"94.76";"0.1";"1608.87";"447.6";"1147.2931";"11442.48";"19234.46"
"E";"2024-10-08";"1085.9385";"94.65";"0.07";"1331.14";"493.5";"1147.2931";"11451.48";"19266.59"
"C";"2024-10-07";"1085.1173";"94.58";"0.06";"1156.22";"498.3";"1147.2981";"11451.48";"19266.83"
"C";"2024-10-06";"1084.4705";"94.52";"0.11";"1688.62";"404.1";"1147.2981";"11886.56";"19624.22"
"C";"2024-10-05";"1083.207";"94.41";"0.08";"1418.9";"525.1";"1147.2981";"11886.57";"19624.21"
"C";"2024-10-04";"1082.3286";"94.34";"0.03";"883.5";"549.2";"1147.2981";"11886.58";"19610.45"
"C";"2024-10-03";"1082.0105";"94.31";"0.01";"830.53";"670.2";"1147.2981";"11886.65";"19624.1"
"C";"2024-10-02";"1081.8717";"94.3";"-0.04";"672.13";"1061.8";"1147.2981";"11876.65";"19549.92"
"E";"2024-10-01";"1082.2773";"94.33";"0.05";"692.72";"818";"1147.2981";"11886.79";"19409.72"
"C";"2024-09-30";"1081.6913";"94.38";"0.06";"1211.08";"761.7";"1146.1425";"11894.22";"19461.48"
"C";"2024-09-29";"1081.0383";"94.32";"0.07";"1809.98";"455.9";"1146.1425";"11855.22";"19633.09"
"C";"2024-09-28";"1080.2268";"94.25";"0.14";"1832.21";"469.7";"1146.1425";"11894.22";"19873.34"
"C";"2024-09-27";"1078.613";"94.11";"0.08";"1436.29";"553.4";"1146.1425";"11879.19";"19819.88"
"C";"2024-09-26";"1077.7414";"94.03";"0.08";"1406.3";"516.2";"1146.1425";"11870.18";"19787.77"
"C";"2024-09-25";"1076.8594";"93.98";"0.07";"1374.38";"529.4";"1145.8929";"11864.19";"19787.79"
"C";"2024-09-24";"1076.0329";"93.9";"0.03";"1183.33";"829.3";"1145.8929";"11864.13";"19787.96"
"E";"2024-09-23";"1075.6784";"93.87";"0.03";"1150.31";"775.7";"1145.8929";"11867.93";"19802.74"
"C";"2024-09-22";"1075.3242";"93.84";"0.12";"1866.38";"474.6";"1145.8929";"11887.93";"19874.17"
"C";"2024-09-21";"1073.9459";"93.72";"0.13";"1800.94";"324.4";"1145.8929";"11887.91";"19874.21"
"C";"2024-09-20";"1072.4795";"93.59";"0.07";"1322.8";"479.2";"1145.8929";"11887.87";"19874.31"
"E";"2024-09-19";"1071.6534";"93.52";"0.06";"1269.16";"596.4";"1145.8929";"11887.85";"19874.36"
"C";"2024-09-18";"1071.0028";"93.47";"0.06";"1251.58";"650";"1145.8758";"11869.59";"19870.1"
"C";"2024-09-17";"1070.3561";"93.41";"0.01";"978.77";"797.2";"1145.8758";"11867.8";"19874.49"
"C";"2024-09-16";"1070.1972";"93.41";"0.01";"1110.15";"944.3";"1145.6868";"11877.49";"19875.3"
"C";"2024-09-15";"1070.0517";"93.4";"0.08";"1500.7";"732.9";"1145.6858";"11877.48";"19875.32"
"C";"2024-09-14";"1069.1102";"93.32";"0.06";"1444.42";"793.1";"1145.6858";"11876.62";"19874.37"
"C";"2024-09-13";"1068.4796";"93.26";"0.02";"1257.68";"976.2";"1145.6858";"11877.39";"19875.57"
"E";"2024-09-12";"1068.2107";"93.24";"0";"1083.69";"1059.1";"1145.6858";"11877.3";"19875.8"
"E";"2024-09-11";"1068.209";"93.24";"0.05";"1204.7";"489.7";"1145.6858";"11868.3";"19843.67"
"C";"2024-09-10";"1067.6374";"93.19";"0.1";"1597.53";"408.9";"1145.6858";"11877.31";"19875.8"
"C";"2024-09-09";"1066.4715";"93.09";"0.1";"1447.53";"447.9";"1145.6858";"11877.3";"19875.82"
"C";"2024-09-08";"1065.3676";"92.99";"0.13";"1852.39";"377.7";"1145.6858";"11877.3";"19875.82"
"E";"2024-09-07";"1063.9145";"92.86";"0.09";"1644";"564.6";"1145.6858";"11877.28";"19875.87"
"C";"2024-09-06";"1062.8577";"92.77";"0.09";"1559.57";"487.2";"1145.6858";"11877.26";"19822.36"
"E";"2024-09-05";"1061.8086";"92.68";"0.07";"1327.03";"527.2";"1145.6208";"11877.24";"19790.29"
"C";"2024-09-04";"1061.0268";"92.62";"0.04";"1337.63";"832.7";"1145.6208";"11869.19";"19818.97"
"C";"2024-09-03";"1060.5342";"92.57";"0.05";"1301.64";"691.4";"1145.6208";"11853.19";"19876.1"
"C";"2024-09-02";"1059.9416";"92.52";"0.12";"1776.89";"489.8";"1145.6208";"11857.2";"19876.08"
"C";"2024-09-01";"1058.6042";"92.4";"0.21";"2670.08";"253.2";"1145.6208";"11859.21";"19876.05"
"C";"2024-08-31";"1056.1612";"92.44";"0.21";"2699.64";"201.3";"1142.5292";"11865.3";"19874.48"
"C";"2024-08-30";"1053.7891";"92.23";"0.14";"1976.82";"374.3";"1142.5292";"11885.32";"19874.43"
"C";"2024-08-29";"1052.2139";"92.1";"0.14";"1978.09";"388.1";"1142.5292";"11885.33";"19874.4"
"C";"2024-08-28";"1050.6458";"91.97";"0.23";"2330.4";"208.5";"1142.3538";"11876.37";"19842.16"
"C";"2024-08-27";"1048.0151";"91.96";"0.14";"2413.26";"226.3";"1139.6109";"11809.82";"19874.16"
"C";"2024-08-26";"1046.392";"91.82";"0.22";"2772.35";"226";"1139.6109";"11785.9";"19873.94"
"C";"2024-08-25";"1043.8708";"91.6";"0.31";"3662.25";"72.6";"1139.6109";"11786.03";"19873.6"
"C";"2024-08-24";"1040.3056";"91.29";"0.31";"3665.45";"102.3";"1139.6109";"11786.15";"19873.28"
"C";"2024-08-23";"1036.7855";"91.04";"0.26";"3184.8";"158";"1138.7989";"11786.31";"19872.87"
"C";"2024-08-22";"1033.8061";"90.78";"0.24";"2939.68";"124.9";"1138.7989";"11786.36";"19872.74"
"C";"2024-08-21";"1031.0335";"90.54";"0.25";"3069.56";"130.2";"1138.7989";"11786.44";"19840.4"
"C";"2024-08-20";"1028.1362";"90.28";"0.26";"3105.62";"142.9";"1138.7989";"11786.59";"19872.12"
"C";"2024-08-19";"1025.1474";"90.02";"0.26";"3172.32";"169.2";"1138.7989";"11786.67";"19871.9"
"C";"2024-08-18";"1022.1637";"89.77";"0.35";"4136.21";"90.4";"1138.6959";"11786.79";"19871.59"
"C";"2024-08-17";"1018.151";"89.41";"0.34";"4009.88";"88.5";"1138.6959";"11786.95";"19871.18"
"E";"2024-08-16";"1014.2909";"89.07";"0.3";"3602.41";"138.9";"1138.6959";"11787.01";"19871"
"C";"2024-08-15";"1010.8569";"88.77";"0.31";"3692.02";"94.4";"1138.6959";"11787.14";"19870.67"
"E";"2024-08-14";"1007.2873";"88.47";"0.27";"3251.05";"217.6";"1138.5747";"11787.23";"19838.31"
"C";"2024-08-13";"1004.2576";"88.23";"0.27";"3372.26";"272.5";"1138.1964";"11787.32";"19870.18"
"C";"2024-08-12";"1001.1666";"87.97";"0.25";"3150.3";"262.8";"1138.0965";"11787.39";"19870.01"
"E";"2024-08-11";"998.2723";"87.71";"0.29";"3370.89";"221.9";"1138.0965";"11787.59";"19869.48"
"E";"2024-08-10";"994.9747";"87.42";"0.27";"3294.03";"191.7";"1138.0965";"11787.79";"19868.95"
"E";"2024-08-09";"991.8835";"87.15";"0.25";"3142.84";"303.7";"1138.0965";"11788.09";"19868.51"
"E";"2024-08-08";"989.0528";"86.9";"0.21";"2770.8";"368.3";"1138.0965";"11811.93";"19868.57"
"E";"2024-08-07";"986.6472";"86.69";"0.22";"2763.53";"295.4";"1138.0965";"11803.08";"19836.05"
"E";"2024-08-06";"984.1982";"86.48";"0.2";"2670.24";"294";"1138.0965";"11812.15";"19868"
"E";"2024-08-05";"981.9013";"86.3";"0.23";"2936.58";"332";"1137.7465";"11812.3";"19867.61"
"E";"2024-08-04";"979.308";"86.07";"0.29";"3562.48";"194.6";"1137.7465";"11812.45";"19867.21"
"E";"2024-08-03";"975.9603";"85.78";"0.29";"3473.54";"191.7";"1137.7465";"11812.6";"19866.81"
"C";"2024-08-02";"972.7074";"85.49";"0.23";"2848.51";"238.5";"1137.7465";"11812.75";"19866.42"
"E";"2024-08-01";"970.1164";"85.27";"0.2";"2562.47";"279.1";"1137.7465";"11812.9";"19866.02"
"E";"2024-07-31";"967.8472";"85.11";"0.21";"2617.25";"289.9";"1137.2211";"11791.47";"19821.41"
"C";"2024-07-30";"965.5134";"84.9";"0.21";"2642.05";"249.5";"1137.2211";"11800.55";"19853.34"
"C";"2024-07-29";"963.1391";"84.69";"0.22";"2780.91";"238.9";"1137.2211";"11800.77";"19852.74"
"C";"2024-07-28";"960.6126";"84.47";"0.3";"3573.29";"155.1";"1137.2211";"11801.03";"19852.06"
"C";"2024-07-27";"957.2097";"84.17";"0.28";"3385.72";"181.9";"1137.2211";"11801.43";"19851.01"
"C";"2024-07-26";"954.0147";"83.89";"0.23";"2872.89";"286.6";"1137.2211";"11801.79";"19850.06"
"C";"2024-07-25";"951.4531";"83.66";"0.21";"2793";"377.7";"1137.2211";"11801.89";"19849.8"
"C";"2024-07-24";"949.0506";"83.49";"0.22";"2924.35";"449.1";"1136.6711";"11793.24";"19816.76"
"C";"2024-07-23";"946.5927";"83.34";"0.21";"2839.45";"401";"1135.7735";"11801.69";"19822.49"
"C";"2024-07-22";"944.1683";"83.13";"0.24";"3091.24";"356";"1135.7735";"11802.08";"19821.45"
"C";"2024-07-21";"941.4457";"82.89";"0.32";"3895.81";"194.6";"1135.7735";"11802.53";"19820.25"
"C";"2024-07-20";"937.7588";"82.57";"0.31";"3761.65";"219.3";"1135.7735";"11803.03";"19818.94"
"C";"2024-07-19";"934.2312";"82.26";"0.24";"3052.78";"261.6";"1135.7735";"11803.44";"19817.85"
"C";"2024-07-18";"931.4619";"82.01";"0.2";"2682.1";"383.2";"1135.7735";"11803.78";"19816.95"
"C";"2024-07-17";"929.1794";"81.81";"0.22";"2908.92";"394.9";"1135.7735";"11795.21";"19783.7"
"C";"2024-07-16";"926.697";"81.59";"0.23";"3031.2";"387.6";"1135.7735";"11804.62";"19814.75"
"C";"2024-07-15";"924.0643";"81.36";"0.24";"2923.61";"189.9";"1135.7735";"11805.04";"19813.64"
"C";"2024-07-14";"921.3442";"81.12";"0.29";"3547.91";"160.4";"1135.7735";"11805.47";"19812.5"
"C";"2024-07-13";"918.0186";"80.83";"0.28";"3407.05";"198.1";"1135.7735";"11805.9";"19811.35"
"E";"2024-07-12";"914.8096";"80.55";"0.23";"2849.56";"239.6";"1135.7735";"11809.07";"19814.67"
"C";"2024-07-11";"912.2059";"80.32";"0.23";"2883.19";"290.4";"1135.7735";"11809.05";"19814.74"
"C";"2024-07-10";"909.6302";"80.09";"0.25";"3053.17";"222.1";"1135.7735";"11800.33";"19781.85"
"C";"2024-07-09";"906.8107";"79.85";"0.27";"3317.6";"267.5";"1135.6492";"11807.49";"19811.63"
"C";"2024-07-08";"903.7771";"79.58";"0.28";"3410.09";"173.5";"1135.6492";"11777.31";"19810.83"
"C";"2024-07-07";"900.5516";"79.3";"0.31";"3690.89";"185.1";"1135.6492";"11808.07";"19810.1"
"C";"2024-07-06";"897.0592";"78.99";"0.31";"3727.61";"165.4";"1135.6492";"11808.35";"19809.35"
"C";"2024-07-05";"893.5202";"78.71";"0.28";"3341.78";"127.6";"1135.1505";"11798.73";"19808.42"
"C";"2024-07-04";"890.3107";"78.43";"0.27";"3240.24";"153.9";"1135.1505";"11799.09";"19807.49"
"C";"2024-07-03";"887.228";"78.16";"0.25";"2988.79";"179.1";"1135.1505";"11790.41";"19774.51"
"C";"2024-07-02";"884.4195";"77.91";"0.25";"3020.47";"164";"1135.1505";"11799.77";"19805.69"
"C";"2024-07-01";"881.5666";"77.66";"0.24";"2978.79";"211.4";"1135.1505";"11800.23";"19804.47"
"E";"2024-06-30";"878.8032";"77.42";"0.34";"3900.21";"113.1";"1135.1505";"11800.57";"19803.57"
"E";"2024-06-29";"874.9805";"77.08";"0.33";"3915.96";"129";"1135.1505";"11800.91";"19802.69"
"E";"2024-06-28";"871.1961";"76.75";"0.29";"3439.8";"142.6";"1135.1711";"11801.26";"19801.75"
"C";"2024-06-27";"867.895";"76.45";"0.27";"3213.68";"171.8";"1135.1711";"11801.47";"19801.2"
"C";"2024-06-26";"864.8598";"76.23";"0.26";"3146.15";"215.3";"1134.5861";"11801.76";"19800.43"
"C";"2024-06-25";"861.9297";"75.97";"0.25";"3018.11";"199.1";"1134.5861";"11802.1";"19799.53"
"C";"2024-06-24";"859.1098";"75.72";"0.25";"2991.9";"158.9";"1134.5861";"11802.55";"19798.34"
"C";"2024-06-23";"856.2176";"75.47";"0.34";"3998.16";"116.5";"1134.4843";"11796.46";"19788.64"
"C";"2024-06-22";"852.4008";"75.13";"0.33";"3925.29";"128.6";"1134.5861";"11801.98";"19794.49"
"C";"2024-06-21";"848.6039";"74.79";"0.23";"2872.13";"217.7";"1134.5861";"11803.67";"19795.41"
"E";"2024-06-20";"845.9513";"74.56";"0.22";"2723.79";"215.3";"1134.5861";"11803.99";"19794.54"
"C";"2024-06-19";"843.4487";"74.34";"0.25";"3003.5";"135.1";"1134.5861";"11795.48";"19761.13"
"C";"2024-06-18";"840.5822";"74.09";"0.23";"2823.6";"162.1";"1134.5861";"11804.75";"19792.55"
"C";"2024-06-17";"837.9257";"73.85";"0.45";"3040.44";"174";"1134.5861";"11805.07";"19791.7"
"C";"2024-06-16";"832.8353";"73.4";"0.15";"3974.86";"106.6";"1134.5861";"11805.41";"19790.81"
"C";"2024-06-15";"831.1865";"73.26";"0.33";"3845.68";"113.4";"1134.5861";"11805.75";"19789.9"
"C";"2024-06-14";"827.4555";"72.98";"0.28";"3412.87";"205.7";"1133.7861";"11806.22";"19788.67"
"C";"2024-06-13";"824.2484";"72.7";"0.2";"2575.18";"304.7";"1133.7861";"11806.5";"19787.93"
"C";"2024-06-12";"821.98";"72.5";"0.18";"2297.27";"253.5";"1133.7861";"11797.82";"19754.94"
"C";"2024-06-11";"819.9515";"72.32";"0.17";"2271.63";"286.1";"1133.7861";"11807.09";"19786.38"
"E";"2024-06-10";"817.9674";"72.14";"0.2";"2602.65";"356.7";"1133.7861";"11807.28";"19785.87"
"C";"2024-06-09";"815.7288";"71.9";"0.28";"3447.97";"244.9";"1134.5981";"11807.57";"19785.09"
"E";"2024-06-08";"812.5253";"71.61";"0.28";"3595.22";"354.2";"1134.5981";"11807.93";"19784.15"
"C";"2024-06-07";"809.2998";"71.33";"0.21";"2797.18";"361.5";"1134.5981";"11808.15";"19783.56"
"E";"2024-06-06";"806.8609";"71.11";"0.23";"2626.3";"483.3";"1134.5981";"11808.32";"19783.11"
"C";"2024-06-05";"804.2831";"70.89";"0.17";"2353.75";"421.1";"1134.5981";"11799.52";"19750.46"
"C";"2024-06-04";"802.3301";"70.71";"0.16";"2336.23";"559.6";"1134.5981";"11808.7";"19782.12"
"C";"2024-06-03";"800.5558";"70.56";"0.17";"2474.4";"588.7";"1134.5981";"11808.96";"19781.43"
"C";"2024-06-02";"798.6805";"70.39";"0.28";"3366.95";"219";"1134.5981";"11809.24";"19780.68"
"C";"2024-06-01";"795.5348";"70.12";"0.23";"3435.7";"197";"1134.5981";"11809.5";"19780.01"
"C";"2024-05-31";"792.9097";"69.98";"0.28";"3302.25";"158.5";"1133.0607";"11809.7";"19779.48"
"E";"2024-05-30";"789.7389";"69.7";"0.22";"2897.25";"359.1";"1133.0607";"11808.77";"19781.94"
"C";"2024-05-29";"787.2028";"69.48";"0.2";"2639.54";"346.2";"1133.0607";"11800";"19749.21"
"C";"2024-05-28";"784.916";"69.27";"0.22";"2759.54";"312.2";"1133.0607";"11809.19";"19780.83"
"C";"2024-05-27";"782.4725";"69.06";"0.24";"2959.43";"242.8";"1133.0607";"11809.44";"19780.17"
"C";"2024-05-26";"779.7599";"68.82";"0.34";"3623.92";"125.2";"1133.0607";"11781.95";"19779.44"
"C";"2024-05-25";"775.9266";"68.48";"0.29";"3414.86";"175.3";"1133.0607";"11782.19";"19778.8"
"C";"2024-05-24";"772.6885";"68.19";"0.23";"2970.8";"334.2";"1133.0607";"11782.42";"19778.19"
"C";"2024-05-23";"770.0577";"67.96";"0.23";"2990.53";"323.9";"1133.0607";"11782.63";"19777.62"
"C";"2024-05-22";"767.3966";"67.73";"0.2";"2826.87";"570.1";"1133.0607";"11774.93";"19742.08"
"C";"2024-05-21";"765.1428";"67.53";"0.14";"2242.31";"693.6";"1133.0607";"11784.06";"19773.86"
"C";"2024-05-20";"763.6009";"67.39";"0.25";"3086.27";"203.9";"1133.0607";"11784.2";"19773.48"
"C";"2024-05-19";"760.7549";"67.14";"0.31";"3664.2";"142.4";"1133.0607";"11784.45";"19772.83"
"C";"2024-05-18";"757.264";"66.83";"0.3";"3610.68";"203.1";"1133.0607";"11784.68";"19772.22"
"C";"2024-05-17";"753.8838";"66.54";"0.25";"2982.01";"178.4";"1133.0607";"11784.99";"19771.41"
"C";"2024-05-16";"751.0707";"66.29";"0.22";"2803.63";"256.2";"1133.0607";"11785.21";"19770.82"
"C";"2024-05-15";"748.5274";"66.06";"0.27";"3259.24";"170.8";"1133.0607";"11776.59";"19737.69"
"C";"2024-05-14";"745.4346";"65.79";"0.3";"3583.84";"156.2";"1133.0607";"11786.12";"19768.42"
"C";"2024-05-13";"742.0061";"65.49";"0.3";"3541.96";"193.5";"1133.0607";"11786.62";"19767.1"
"C";"2024-05-12";"738.6014";"65.19";"0.37";"4311.42";"132.4";"1133.0607";"11787.12";"19765.78"
"C";"2024-05-11";"734.4311";"64.82";"0.36";"4204.05";"137.7";"1133.0607";"11787.62";"19764.47"
"C";"2024-05-10";"730.4044";"64.46";"0.27";"3427.55";"235.7";"1133.0607";"11787.86";"19763.83"
"E";"2024-05-09";"727.319";"64.19";"0.26";"3068.21";"243.8";"1133.0607";"11788.08";"19763.24"
"C";"2024-05-08";"724.4164";"63.93";"0.11";"2171.51";"843.4";"1133.0607";"11778.96";"19731.44"
"E";"2024-05-07";"723.2142";"63.83";"0.13";"2177.11";"715.2";"1133.0607";"11787.78";"19764.04"
"C";"2024-05-06";"721.7591";"63.7";"0.19";"2338.36";"759";"1133.0607";"11787.73";"19764.17"
"C";"2024-05-05";"719.6126";"63.51";"0.25";"3075.21";"252.1";"1133.0607";"11787.89";"19763.76"
"E";"2024-05-04";"716.8071";"63.32";"0.24";"2999.94";"276.7";"1132.0607";"11780.87";"19756.07"
"E";"2024-05-03";"714.1125";"63.08";"0.2";"2651.55";"468.1";"1132.0607";"11781.01";"19755.7"
"E";"2024-05-02";"711.8372";"62.88";"0.26";"3231.73";"333.1";"1132.0607";"11781.59";"19754.17"
"C";"2024-05-01";"708.9415";"62.69";"0.28";"3436.72";"227.6";"1130.7807";"11748.06";"19679.81"
"C";"2024-04-30";"705.7761";"62.44";"0.23";"2667.45";"237.2";"1130.4091";"11735.1";"19847.3"
"E";"2024-04-29";"703.2102";"62.21";"0.17";"2126.25";"371";"1130.4091";"11735.22";"19847"
"E";"2024-04-28";"701.3379";"62.04";"0.21";"2569.64";"287.4";"1130.4091";"11735.39";"19846.53"
"E";"2024-04-27";"699.0063";"61.84";"0.13";"1976.82";"536.9";"1130.4091";"11735.54";"19846.15"
"C";"2024-04-26";"697.5113";"61.7";"-0.03";"1122.93";"1499.4";"1130.4091";"11735.4";"19846.52"
"C";"2024-04-25";"697.8631";"61.74";"-0.12";"1106.56";"2448.1";"1130.4091";"11735.14";"19847.2"
"C";"2024-04-24";"699.2015";"61.85";"-0.13";"1092.9";"2564.9";"1130.4091";"11725.92";"19815.65"
"C";"2024-04-23";"700.6539";"61.98";"-0.14";"1082.65";"2711.8";"1130.4091";"11712.54";"19877.79"
"C";"2024-04-22";"702.2528";"62.12";"-0.11";"1171.03";"2463.8";"1130.4091";"11712.2";"19878.67"
"C";"2024-04-21";"703.514";"62.24";"0.05";"1567.98";"973.1";"1130.4091";"11712.13";"19878.85"
"C";"2024-04-20";"702.9335";"62.18";"0.05";"1632.21";"1002.2";"1130.4091";"11712.13";"19879.87"
"C";"2024-04-19";"702.3462";"62.13";"-0.02";"1343.12";"1469.7";"1130.4091";"11657.12";"19879.89"
"C";"2024-04-18";"702.5321";"62.15";"-0.02";"1400.16";"1642.6";"1130.4091";"11656.98";"19880.27"
"C";"2024-04-17";"702.7987";"62.17";"0.01";"1641.42";"1539.5";"1130.4091";"11647.8";"19848.61"
"C";"2024-04-16";"702.7103";"62.18";"0.11";"1890.2";"636.4";"1130.1411";"11654.24";"19880.24"
"C";"2024-04-15";"701.5052";"62.32";"0.19";"2542.71";"373.4";"1125.6436";"11654.38";"19879.86"
"C";"2024-04-14";"699.3679";"62.13";"0.32";"3840.59";"163.9";"1125.6614";"11654.74";"19878.92"
"C";"2024-04-13";"695.7098";"61.8";"0.35";"3994.54";"126.6";"1125.6614";"11655.13";"19877.88"
"E";"2024-04-12";"691.7604";"61.45";"0.25";"3041.79";"221.9";"1125.6614";"11655.44";"19877.06"
"C";"2024-04-11";"688.9496";"61.2";"0.19";"2317.75";"476";"1125.6614";"11655.6";"19876.65"
"C";"2024-04-10";"686.8486";"60.77";"0.14";"2131.68";"614.2";"1130.1589";"11646.67";"19846.32"
"C";"2024-04-09";"685.2941";"60.64";"0.16";"2587.63";"414.8";"1130.1589";"11655.8";"19878.12"
"C";"2024-04-08";"683.4832";"60.72";"0.3";"2693.54";"391.9";"1125.6614";"11657.63";"19878.89"
"E";"2024-04-07";"680.1409";"60.42";"0.26";"3740.36";"157.6";"1125.6614";"11657.92";"19878.11"
"C";"2024-04-06";"677.2041";"60.16";"0.32";"3402.48";"157.6";"1125.6614";"11658.15";"19877.51"
"E";"2024-04-05";"673.6079";"59.6";"0.16";"2468.76";"364";"1130.1589";"11658.3";"19877.1"
"C";"2024-04-04";"671.7742";"59.44";"0.04";"1472.53";"643.5";"1130.1589";"11658.24";"19877.26"
"C";"2024-04-03";"671.3505";"59.4";"0.06";"1137.13";"928.2";"1130.1588";"11649.26";"19789.06"
"C";"2024-04-02";"670.6287";"59.35";"0.13";"1244.49";"893.6";"1129.916";"11650.79";"19808.35"
"C";"2024-04-01";"669.1111";"59.22";"0.26";"2101.88";"1979.8";"1129.916";"11626.17";"19800.29"
"E";"2024-03-31";"666.1458";"58.48";"-0.36";"3105.66";"802";"1139.1544";"11665.41";"19923.11"
"E";"2024-03-30";"670.2893";"58.72";"0.03";"1612.93";"1278.7";"1141.5453";"11478.16";"19636.31"
"C";"2024-03-29";"669.9592";"58.69";"0";"1236.33";"1215.8";"1141.5453";"11665.31";"19923.38"
"C";"2024-03-28";"669.9592";"58.69";"-0.1";"807.65";"1939.8";"1141.5453";"11665.23";"19927.05"
"C";"2024-03-27";"671.1349";"58.79";"-0.1";"691.05";"1798.9";"1141.5453";"11665.17";"19923.74"
"C";"2024-03-26";"672.2386";"58.89";"-0.1";"650.96";"1688.8";"1141.5453";"11665.07";"19924.01"
"E";"2024-03-25";"673.4159";"58.99";"-0.17";"545.81";"2377.4";"1141.5453";"11664.96";"19924.3"
"E";"2024-03-24";"675.3142";"59.16";"-0.03";"1117.39";"1408.8";"1141.5453";"11664.87";"19924.52"
"E";"2024-03-23";"675.6173";"59.18";"0.02";"1252.29";"1022.8";"1141.5453";"11664.82";"19924.66"
"E";"2024-03-22";"675.4096";"59.17";"-0.03";"1019.22";"1259.5";"1141.5453";"11664.75";"19924.83"
"E";"2024-03-21";"675.708";"59.19";"-0.07";"830.19";"1585.1";"1141.5453";"11664.68";"19925.03"
"E";"2024-03-20";"676.5293";"59.26";"-0.1";"736.41";"1897.7";"1141.5453";"11655.62";"19902.06"
"E";"2024-03-19";"677.7172";"59.37";"-0.14";"692.56";"2269.4";"1141.5177";"11664.56";"19934.34"
"E";"2024-03-18";"679.3258";"59.51";"-0.14";"528.08";"2088.4";"1141.5177";"11664.5";"19934.5"
"E";"2024-03-17";"680.9728";"59.65";"-0.04";"1012.05";"1405.4";"1141.5453";"11664.41";"19934.75"
"E";"2024-03-16";"681.4035";"59.69";"-0.03";"1056.12";"1392.9";"1141.5453";"11664.35";"19934.89"
"E";"2024-03-15";"681.7707";"59.72";"-0.12";"1026.49";"1450.9";"1141.613";"11664.31";"19935.02"
"E";"2024-03-14";"683.1464";"59.84";"-0.02";"850.17";"1950.3";"1141.613";"11664.05";"19935.7"
"E";"2024-03-13";"683.3923";"59.86";"-0.21";"310.94";"2607.9";"1141.613";"11654.97";"19903.77"
"C";"2024-03-12";"685.7393";"60.07";"-0.26";"282.4";"3142.3";"1141.613";"11663.85";"19936.21"
"C";"2024-03-11";"688.6612";"60.32";"-0.24";"270.84";"2943.5";"1141.613";"11663.73";"19936.53"
"C";"2024-03-10";"691.4001";"60.56";"-0.08";"802.6";"1667.2";"1141.613";"11663.67";"19943.69"
"C";"2024-03-09";"692.3154";"60.64";"-0.11";"663.73";"1854.8";"1141.613";"11663.61";"19943.86"
"C";"2024-03-08";"693.5633";"60.75";"-0.23";"367.92";"2945.7";"1141.613";"11663.49";"19944.16"
"C";"2024-03-07";"696.2107";"60.98";"-0.28";"324.26";"3464.5";"1141.613";"11663.39";"19944.42"
"C";"2024-03-06";"699.4265";"61.27";"-0.32";"283.15";"3788.7";"1141.613";"11663.24";"19944.82"
"E";"2024-03-05";"703.034";"61.58";"-0.27";"210.17";"3251.4";"1141.613";"11663.11";"19957.15"
"C";"2024-03-04";"706.1442";"61.85";"-0.22";"358.28";"2803.2";"1141.613";"11663.01";"19957.43"
"C";"2024-03-03";"708.6572";"62.08";"-0.06";"908.21";"1597.2";"1141.6129";"11662.94";"19957.6"
"C";"2024-03-02";"709.3771";"62.14";"-0.08";"818.71";"1642.2";"1141.6129";"11662.88";"19957.78"
"C";"2024-03-01";"710.2454";"62.23";"-0.2";"355.15";"2541.5";"1141.3835";"11662.79";"19958"
"C";"2024-02-29";"712.4841";"62.42";"-0.26";"488.61";"3444.8";"1141.3835";"11662.72";"19965.19"
"C";"2024-02-28";"715.4699";"62.68";"-0.34";"305.93";"4150.6";"1141.3835";"11653.55";"19933.5"
"C";"2024-02-27";"719.3716";"63.03";"-0.36";"303.47";"4253.8";"1141.3835";"11662.41";"19966"
"C";"2024-02-26";"723.4581";"63.38";"-0.32";"253.98";"3857.7";"1141.3835";"11662.27";"19966.39"
"C";"2024-02-25";"727.0986";"63.7";"-0.16";"518.92";"2351.4";"1141.3835";"11662.13";"19966.75"
"C";"2024-02-24";"728.9427";"63.86";"-0.2";"466.25";"2660.6";"1141.3835";"11661.99";"19967.13"
"C";"2024-02-23";"731.1868";"64.06";"-0.26";"297.67";"3256.9";"1141.3835";"11661.91";"19970.28"
"C";"2024-02-22";"734.2078";"64.33";"-0.22";"364.75";"2753.1";"1141.3835";"11661.81";"19967.59"
"E";"2024-02-21";"736.6726";"64.54";"-0.22";"345.94";"2744.6";"1141.3835";"11652.71";"19935.73"
"C";"2024-02-20";"739.1399";"64.76";"-0.21";"371.63";"2688.2";"1141.2835";"11661.56";"19976.09"
"C";"2024-02-19";"741.5295";"64.97";"-0.2";"488.61";"2667.3";"1141.2835";"11661.47";"19976.31"
"C";"2024-02-18";"743.8023";"65.17";"-0.11";"754.07";"1934.1";"1141.2835";"11661.36";"19976.6"
"C";"2024-02-17";"745.0395";"65.28";"-0.11";"839.52";"2015.2";"1141.2835";"11661.27";"19976.84"
"C";"2024-02-16";"746.2797";"65.39";"-0.18";"647.96";"2607.8";"1141.2835";"11661.15";"19977.17"
"C";"2024-02-15";"748.3018";"65.57";"-0.22";"475.52";"2894.9";"1141.2835";"11660.91";"19977.8"
"C";"2024-02-14";"750.806";"65.79";"-0.28";"294.58";"3388.9";"1141.2835";"11651.72";"19946.18"
"C";"2024-02-13";"753.9802";"66.06";"-0.35";"247.67";"3987.2";"1141.2835";"11660.53";"19978.81"
"C";"2024-02-12";"757.9335";"66.41";"-0.34";"205.73";"3974.7";"1141.2835";"11660.33";"19979.32"
"C";"2024-02-11";"761.8656";"66.96";"-0.18";"528.3";"2434.1";"1137.8723";"11660.14";"19979.83"
"C";"2024-02-10";"763.9623";"66.94";"-0.17";"598.7";"2374.6";"1141.2835";"11659.97";"19988.28"
"C";"2024-02-09";"765.9301";"67.11";"-0.26";"446.21";"3330.2";"1141.2835";"11659.78";"19988.79"
"E";"2024-02-08";"768.8824";"67.37";"-0.39";"349.03";"4708";"1141.2835";"11659.36";"19989.88"
"C";"2024-02-07";"773.3838";"67.76";"-0.41";"220.02";"4755.6";"1141.2835";"11649.91";"19958.94"
"C";"2024-02-06";"778.0658";"68.17";"-0.32";"429.63";"3947.9";"1141.2835";"11658.7";"19991.63"
"C";"2024-02-05";"781.7123";"68.49";"-0.32";"370.8";"3914";"1141.2835";"11658.54";"19992.06"
"C";"2024-02-04";"785.4001";"68.82";"-0.21";"815.84";"3216";"1141.2835";"11658.42";"19992.36"
"C";"2024-02-03";"787.8439";"69.03";"-0.22";"867.81";"3295.2";"1141.2835";"11658.28";"19992.74"
"C";"2024-02-02";"790.3394";"69.25";"-0.37";"337.28";"4553.2";"1141.2835";"11658.05";"19993.33"
"E";"2024-02-01";"794.5999";"69.62";"-0.43";"320.08";"5065.8";"1141.2835";"11657.9";"19933.75"
"C";"2024-01-31";"799.5583";"70.06";"-0.43";"295.94";"5257.1";"1141.2835";"11648.44";"19902.82"
"C";"2024-01-30";"804.5193";"70.49";"-0.46";"282.84";"5439.6";"1141.2835";"11657.17";"19935.66"
"C";"2024-01-29";"809.796";"70.95";"-0.47";"297.77";"5591.5";"1141.2835";"11656.93";"19936.29"
"C";"2024-01-28";"815.1971";"71.43";"-0.36";"395.39";"4352.3";"1141.2835";"11656.7";"19936.91"
"E";"2024-01-27";"819.356";"71.79";"-0.36";"342.52";"4345.1";"1141.2559";"11656.47";"19937.52"
"E";"2024-01-26";"823.4162";"72.15";"-0.37";"550.56";"4641.7";"1141.2559";"11656.29";"19938"
"C";"2024-01-25";"827.669";"72.52";"-0.4";"494.37";"5031.4";"1141.2835";"11656.18";"19938.28"
"E";"2024-01-24";"832.2717";"72.92";"-0.38";"445.64";"4698.1";"1141.2835";"11647.03";"19906.55"
"C";"2024-01-23";"836.654";"73.31";"-0.48";"288.66";"5662.1";"1141.2835";"11655.71";"19939.53"
"C";"2024-01-22";"842.0951";"73.78";"-0.51";"369.08";"6110.6";"1141.2835";"11655.49";"20002.06"
"E";"2024-01-21";"847.9545";"74.3";"-0.52";"455.37";"6243.6";"1141.2835";"11654.99";"20024.37"
"C";"2024-01-20";"853.8786";"74.82";"-0.56";"357.23";"6861.3";"1141.2835";"11654.38";"20025.98"
"E";"2024-01-19";"860.243";"75.38";"-0.68";"250.1";"7912.8";"1141.2835";"11653.73";"20027.68"
"C";"2024-01-18";"868.0469";"76.06";"-0.67";"132.92";"7583.3";"1141.2835";"11653.18";"20028.7"
"C";"2024-01-17";"875.659";"76.73";"-0.73";"161.03";"8311.3";"1141.2835";"11643.47";"19998.44"
"E";"2024-01-16";"883.9921";"77.46";"-0.75";"141.45";"8548.5";"1141.2834";"11651.81";"20032.31"
"E";"2024-01-15";"892.5609";"78.21";"-0.69";"108.27";"7935.5";"1141.2834";"11651.16";"20034.03"
"C";"2024-01-14";"900.4664";"78.9";"-0.55";"236.83";"6377.9";"1141.2834";"11650.69";"20035.26"
"E";"2024-01-13";"906.7278";"79.45";"-0.6";"246.72";"6984.8";"1141.2834";"11650.2";"20036.54"
"E";"2024-01-12";"913.6162";"80.05";"-0.75";"64.82";"8458.9";"1141.2834";"11649.59";"20038.17"
"E";"2024-01-11";"922.1981";"80.8";"-0.84";"132.99";"9633.6";"1141.2834";"11648.96";"20039.82"
"C";"2024-01-10";"931.7757";"81.64";"-0.87";"93.3";"9887.8";"1141.2834";"11639.27";"20029.51"
"C";"2024-01-09";"941.6657";"82.51";"-0.84";"46.98";"9525";"1141.2834";"11647.61";"20063.38"
"C";"2024-01-08";"951.289";"83.35";"-0.79";"68.21";"8637";"1141.2834";"11645.75";"20064.01"
"C";"2024-01-07";"960.2621";"84.14";"-0.45";"216.08";"5192";"1141.2834";"11646.56";"20066.17"
"C";"2024-01-06";"965.4381";"84.59";"-0.37";"286.29";"4299.4";"1141.2834";"11646.33";"20066.77"
"C";"2024-01-05";"969.6804";"84.96";"-0.37";"247.84";"4330";"1141.2834";"11646.08";"20067.41"
"E";"2024-01-04";"973.9535";"85.34";"-0.34";"241.66";"3828.1";"1141.2834";"11645.73";"20068.34"
"C";"2024-01-03";"977.8049";"85.68";"-0.22";"507";"2889.8";"1141.2834";"11636.54";"20036.72"
"C";"2024-01-02";"980.3646";"85.9";"-0.22";"797.36";"3214.3";"1141.2834";"11645.43";"20069.13"
"E";"2024-01-01";"982.8235";"86.12";"0";"966.37";"2657.1";"1141.2834";"11645.29";"20063.51"
"C";"2023-12-31";"984.6128";"86.27";"-0.1";"940.47";"2105.9";"1141.2834";"11645.14";"20082.91"
"C";"2023-12-30";"985.7918";"86.38";"-0.09";"1088.89";"2058.9";"1141.2834";"11644.99";"20083.3"
"C";"2023-12-29";"986.8246";"86.47";"-0.12";"930.24";"2207.6";"1141.2834";"11644.97";"20068.34"
"E";"2023-12-28";"988.1666";"86.58";"-0.1";"996.22";"2079.6";"1141.2834";"11644.85";"20068.66"
"C";"2023-12-27";"989.3271";"86.69";"-0.15";"851.55";"2406.5";"1141.2834";"11644.73";"20069"
"C";"2023-12-26";"990.9871";"86.83";"-0.07";"1235.39";"1910.1";"1141.2834";"11644.65";"20069.2"
"C";"2023-12-25";"991.7394";"86.9";"-0.02";"1482.53";"1618.4";"1141.2834";"11644.63";"20069.26"
"C";"2023-12-24";"991.9429";"86.91";"-0.05";"1334.53";"1798.1";"1141.2834";"11644.61";"20069.31"
"C";"2023-12-23";"992.4714";"86.96";"-0.12";"982.81";"2241.7";"1141.2834";"11644.54";"20069.49"
"C";"2023-12-22";"993.8092";"87.08";"-0.18";"748.69";"2668";"1141.2834";"11644.44";"20069.76"
"C";"2023-12-21";"995.8264";"87.25";"-0.24";"514.02";"3228.4";"1141.2834";"11643.06";"20068.05"
"C";"2023-12-20";"998.5996";"87.5";"-0.32";"298.77";"3885";"1141.2834";"11633.89";"20054.35"
"C";"2023-12-19";"1002.2363";"87.82";"-0.38";"325.88";"4611.8";"1141.2834";"11642.18";"20086.21"
"C";"2023-12-18";"1006.602";"88.2";"-0.36";"384.97";"4463.5";"1141.2834";"11643.95";"20089.04"
"C";"2023-12-17";"1010.6713";"88.56";"-0.18";"1075.45";"2929";"1141.2834";"11643.92";"20089.13"
"C";"2023-12-16";"1012.7216";"88.74";"-0.16";"1089.71";"2815";"1141.2834";"11643.84";"20089.35"
"C";"2023-12-15";"1014.5261";"88.89";"-0.33";"341.8";"3972.7";"1141.2834";"11643.69";"20089.74"
"C";"2023-12-14";"1018.2759";"89.22";"-0.38";"192.06";"4519.7";"1141.2834";"11643.53";"20090.16"
"E";"2023-12-13";"1022.6145";"89.6";"-0.35";"269.14";"4116.6";"1141.2557";"11643.18";"20091.09"
"E";"2023-12-12";"1026.5985";"89.95";"-0.34";"311.95";"4080";"1141.2557";"11642.79";"20092.12"
"C";"2023-12-11";"1030.4717";"90.29";"-0.32";"367.02";"3883.4";"1141.2834";"11618.44";"20007.34"
"C";"2023-12-10";"1034.0861";"90.61";"-0.2";"803.09";"2935";"1141.2834";"11642.3";"20097.39"
"C";"2023-12-09";"1036.3117";"90.8";"-0.26";"545.84";"3348.8";"1141.2834";"11642.16";"20097.76"
"C";"2023-12-08";"1039.2411";"91.06";"-0.42";"213.18";"4922.8";"1141.2834";"11641.79";"20098.75"
"C";"2023-12-07";"1044.086";"91.48";"-0.53";"124.77";"6031.2";"1141.2834";"11641.45";"20063.64"
"C";"2023-12-06";"1050.1022";"92.01";"-0.59";"105.58";"6633";"1141.2834";"11641.89";"20062.49"
"C";"2023-12-05";"1056.7791";"92.6";"-0.58";"155.02";"6686.4";"1141.2834";"11865.71";"20248.95"
"C";"2023-12-04";"1063.3818";"93.17";"-0.6";"106.74";"6795.9";"1141.2834";"11860.25";"20232.3"
"C";"2023-12-03";"1070.1878";"93.77";"-0.43";"184.55";"4943.4";"1141.2834";"11879.75";"20305.01"
"C";"2023-12-02";"1075.0608";"94.2";"-0.48";"120.95";"5493.7";"1141.2834";"11879.29";"20306.23"
"C";"2023-12-01";"1080.5421";"94.68";"-0.54";"146.22";"6283.2";"1141.2834";"11879.08";"20306.79"
"E";"2023-11-30";"1086.7034";"95.21";"-0.57";"84.55";"6591.9";"1141.3979";"11879.46";"20325.79"
"C";"2023-11-29";"1093.2389";"95.78";"-0.58";"82.47";"6628.2";"1141.3979";"11863.91";"20273.69"
"C";"2023-11-28";"1099.9153";"96.37";"-0.49";"111.75";"5639.7";"1141.3979";"11854.3";"20243.17"
"C";"2023-11-27";"1105.5639";"96.86";"-0.43";"107.87";"4944.2";"1141.3979";"11853.98";"20244.01"
"E";"2023-11-26";"1110.5006";"97.29";"-0.26";"205.08";"3051.1";"1141.3979";"11853.69";"20241.77"
"C";"2023-11-25";"1113.4702";"97.56";"-0.24";"238.83";"2842.7";"1141.3629";"11853.58";"20242.07"
"C";"2023-11-24";"1116.1641";"97.79";"-0.24";"157.26";"2882.1";"1141.3629";"11853.38";"20242.61"
"C";"2023-11-23";"1118.9599";"98.04";"-0.23";"149.39";"2694.7";"1141.3629";"11853.26";"20242.93"
"C";"2023-11-22";"1121.5706";"98.27";"-0.29";"133.85";"3334.3";"1141.3289";"11853.04";"20243.51"
"C";"2023-11-21";"1124.8585";"98.56";"-0.2";"124.16";"2277.7";"1141.3289";"11852.95";"20243.73"
"C";"2023-11-20";"1127.1018";"98.75";"-0.11";"374.07";"1595.2";"1141.3289";"11852.95";"20252.73"
"C";"2023-11-19";"1128.4116";"98.87";"0.03";"1234.54";"833.9";"1141.3289";"11852.96";"20252.72"
"C";"2023-11-18";"1128.0712";"98.84";"-0.07";"556.79";"1150.4";"1141.3289";"11852.96";"20252.72"
"C";"2023-11-17";"1128.8196";"98.91";"-0.16";"199.21";"1962.3";"1141.2879";"11852.74";"20253.3"
"C";"2023-11-16";"1130.6655";"99.07";"-0.17";"122.97";"2048.4";"1141.2879";"11852.6";"20253.67"
"C";"2023-11-15";"1132.6418";"99.23";"-0.04";"162.87";"1091";"1141.4677";"11852.59";"20013.69"
"C";"2023-11-14";"1133.1513";"99.27";"-0.02";"421.41";"642.7";"1141.4677";"11852.59";"20013.68"
"C";"2023-11-13";"1133.4052";"99.29";"-0.08";"260.99";"1124.4";"1141.4677";"11856.59";"20027.97"
"C";"2023-11-12";"1134.2922";"99.37";"0.01";"461.73";"380.1";"1141.4677";"11876.59";"20099.37"
"C";"2023-11-11";"1134.2299";"99.37";"0.01";"530.17";"377.1";"1141.4677";"11876.59";"20099.36"
"C";"2023-11-10";"1134.0909";"99.35";"-0.05";"248.03";"748.4";"1141.4677";"11876.61";"20099.31"
"C";"2023-11-09";"1134.6145";"99.4";"-0.04";"337.7";"759.6";"1141.4382";"11876.62";"19974.29"
"C";"2023-11-08";"1135.0599";"99.44";"-0.04";"282.52";"755";"1141.4382";"11876.62";"19974.29"
"C";"2023-11-07";"1135.5505";"99.48";"-0.02";"276.45";"456.5";"1141.4382";"11861.63";"19920.72"
"C";"2023-11-06";"1135.7301";"99.5";"0.01";"483.43";"388.7";"1141.4672";"11856.63";"19902.86"
"C";"2023-11-05";"1135.64";"99.5";"0.07";"996.4";"181.5";"1141.3236";"11876.63";"19974.26"
"C";"2023-11-04";"1134.821";"99.43";"0.05";"859.41";"247.8";"1141.3236";"11876.63";"19974.25"
"C";"2023-11-03";"1134.215";"99.38";"0.01";"535.44";"413.3";"1141.3226";"11876.69";"19974.11"
"C";"2023-11-02";"1134.0711";"99.37";"0.08";"1101.08";"227.5";"1141.2936";"11861.75";"19920.4"
"C";"2023-11-01";"1133.1705";"99.29";"0.13";"1590.62";"145.4";"1141.2936";"11856.81";"19902.38"
"C";"2023-10-31";"1131.7";"99.19";"0.09";"1212.45";"247.5";"1140.988";"11874.16";"19973.71"
"C";"2023-10-30";"1130.6172";"99.1";"0.09";"1252.93";"218.8";"1140.9347";"11874.19";"19973.63"
"C";"2023-10-29";"1129.5761";"99.01";"0.17";"2055.26";"98.9";"1140.8814";"11874.46";"19972.93"
"E";"2023-10-28";"1127.6216";"98.84";"0.18";"1989.77";"148.2";"1140.8282";"12074.14";"20276.45"
"C";"2023-10-27";"1125.5315";"98.66";"0.05";"1171.23";"262.1";"1140.7749";"11861.8";"19925.62"
"C";"2023-10-26";"1124.9151";"98.61";"0.06";"1018.15";"331.2";"1140.7217";"11850.94";"19885.99"
"C";"2023-10-25";"1124.2556";"98.83";"0.04";"907.73";"468.2";"1137.5767";"11854.96";"19900.22"
"C";"2023-10-24";"1123.8158";"98.53";"0.06";"1053.64";"323";"1140.6152";"11875";"19971.51"
"E";"2023-10-23";"1123.0828";"98.47";"0.05";"1011.17";"413.4";"1140.5342";"11875.01";"19971.48"
"C";"2023-10-22";"1122.4947";"98.43";"0.16";"2002.03";"165.2";"1140.4194";"11875.21";"19970.94"
"E";"2023-10-21";"1120.651";"98.27";"0.16";"2107.01";"230";"1140.3937";"11875.42";"19970.39"
"C";"2023-10-20";"1118.777";"98.11";"0.1";"1494.4";"381.9";"1140.3404";"11875.48";"19970.24"
"C";"2023-10-19";"1117.6784";"98.02";"0.06";"1121.62";"437.7";"1140.2672";"11875.03";"20096.41"
"C";"2023-10-18";"1117.0182";"97.97";"0.02";"943.13";"650.5";"1140.1239";"11866.05";"20064.25"
"C";"2023-10-17";"1116.747";"97.95";"0.02";"822.72";"603.6";"1140.0707";"11875.06";"20096.34"
"C";"2023-10-16";"1116.5055";"97.94";"0.03";"991.59";"693.9";"1140.0174";"11875.08";"20096.3"
"E";"2023-10-15";"1116.189";"97.92";"0.16";"2085.46";"252.6";"1139.9366";"11893.31";"20069.69"
"C";"2023-10-14";"1114.325";"97.76";"0.22";"2634.22";"98.3";"1139.8833";"11970.55";"19871.06"
"C";"2023-10-13";"1111.7668";"97.54";"0.21";"2554.61";"120.8";"1139.83";"11970.8";"19870.4"
"C";"2023-10-12";"1109.3281";"97.33";"0.14";"1856.67";"229.4";"1139.8044";"11970.95";"19870"
"C";"2023-10-11";"1107.6803";"97.19";"0.16";"2010.25";"146.8";"1139.6711";"11962.18";"19837.27"
"C";"2023-10-10";"1105.8517";"97.04";"0.14";"1714.7";"173.7";"1139.5929";"11971.4";"19868.8"
"C";"2023-10-09";"1104.2411";"96.96";"0.09";"1418.77";"342.9";"1138.8056";"11971.56";"19868.38"
"E";"2023-10-08";"1103.1731";"96.88";"0.15";"1872.32";"237.3";"1138.7248";"11971.62";"19868.24"
"C";"2023-10-07";"1101.4785";"96.73";"0.17";"2131.45";"233.2";"1138.6715";"11971.68";"19868.07"
"C";"2023-10-06";"1099.4933";"96.56";"0.16";"1910.93";"155.6";"1138.6779";"11971.91";"19867.45"
"E";"2023-10-05";"1097.6489";"96.41";"0.07";"1217.97";"481.3";"1138.547";"11971.74";"19867.9"
"C";"2023-10-04";"1096.8171";"96.34";"0.14";"1742.92";"211.7";"1138.4937";"11732.72";"19547.92"
"C";"2023-10-03";"1095.1852";"96.2";"0.19";"2200.91";"138.3";"1138.4642";"11547.05";"19336.57"
"C";"2023-10-02";"1093.0381";"96.02";"0.16";"1883.82";"189";"1138.3589";"11564.75";"19358.7"
"E";"2023-10-01";"1091.2594";"95.87";"0.21";"2592.54";"186.4";"1138.3057";"11971.99";"19867.25"
"E";"2023-09-30";"1088.9028";"95.5";"0.04";"2737.03";"198";"1140.2473";"12030.68";"19889.4"
"C";"2023-09-29";"1088.4738";"95.28";"0.14";"2066.12";"415.4";"1142.3373";"12017.69";"19842.95"
"C";"2023-09-28";"1086.86";"95.15";"0.12";"1827.77";"429.8";"1142.2773";"12006.69";"19803.68"
"E";"2023-09-27";"1085.5238";"95.03";"0.13";"1841.22";"310.5";"1142.3173";"12006.69";"19803.68"
"C";"2023-09-26";"1084.0457";"94.9";"0.1";"1557.34";"394.7";"1142.2773";"12006.69";"19803.68"
"C";"2023-09-25";"1082.9236";"94.8";"0.12";"1723.78";"424.1";"1142.2773";"12009.69";"19814.39"
"C";"2023-09-24";"1081.5512";"94.68";"0.2";"2422.38";"248.5";"1142.2773";"12030.69";"19889.36"
"C";"2023-09-23";"1079.3006";"94.49";"0.18";"2209.54";"276.3";"1142.2773";"12030.69";"19889.37"
"C";"2023-09-22";"1077.2962";"94.32";"0.12";"1693.14";"374.2";"1142.1261";"12030.69";"19889.37"
"C";"2023-09-21";"1075.9085";"94.2";"0.09";"1343.54";"378.1";"1142.1261";"12017.76";"19889.18"
"C";"2023-09-20";"1074.8786";"94.11";"0.07";"1371.45";"514.2";"1142.1261";"12009.76";"19889.18"
"C";"2023-09-19";"1074.0245";"94.06";"0.09";"1552.3";"545.8";"1141.8467";"12030.76";"19889.18"
"C";"2023-09-18";"1073.0119";"93.96";"0.09";"1413.14";"429.4";"1141.9367";"12030.77";"19889.16"
"C";"2023-09-17";"1071.9672";"93.87";"0.13";"1863.93";"427.4";"1141.9367";"12030.77";"19889.15"
"C";"2023-09-16";"1070.4533";"93.74";"0.1";"1580.71";"508.4";"1141.9367";"12030.77";"19889.15"
"C";"2023-09-15";"1069.3148";"93.65";"0.06";"1196.77";"594.8";"1141.8507";"12030.77";"19889.15"
"C";"2023-09-14";"1068.6707";"93.59";"0.01";"933.22";"763.8";"1141.8507";"12033.82";"19892.79"
"E";"2023-09-13";"1068.548";"93.58";"0.01";"989.58";"916.5";"1141.8447";"12024.8";"19871.71"
"E";"2023-09-12";"1068.4304";"93.57";"0";"1098.22";"1150";"1141.8447";"12033.7";"19904.1"
"E";"2023-09-11";"1068.441";"93.57";"0.04";"1182.56";"823.5";"1141.8447";"12033.7";"19904.1"
"C";"2023-09-10";"1068.0361";"93.54";"0.11";"1821.82";"639.4";"1141.8447";"12033.7";"19904.1"
"C";"2023-09-09";"1066.7721";"93.43";"0.12";"1888.77";"589.3";"1141.8447";"12033.7";"19904.1"
"C";"2023-09-08";"1065.4022";"93.31";"0.06";"1462.96";"824.9";"1141.8447";"12033.69";"19904.12"
"C";"2023-09-07";"1064.7107";"93.25";"0.06";"1443.57";"840.6";"1141.7367";"12033.69";"19904.12"
"C";"2023-09-06";"1064.0754";"93.2";"0.05";"1261.37";"699.5";"1141.7367";"12020.71";"19904.08"
"C";"2023-09-05";"1063.4788";"93.15";"0.09";"1527.77";"544.3";"1141.6267";"12008.13";"19901.11"
"E";"2023-09-04";"1062.4538";"93.06";"0.11";"1647.23";"430";"1141.6267";"12011.95";"19902.17"
"E";"2023-09-03";"1061.1745";"92.95";"0.19";"2531.3";"391.1";"1141.6267";"12032.96";"19902.15"
"E";"2023-09-02";"1058.9702";"92.76";"0.17";"2441.77";"396.1";"1141.6267";"12032.96";"19902.15"
"E";"2023-09-01";"1057.0346";"92.73";"0.17";"1870.5";"372.4";"1139.8653";"12032.96";"19902.15"
"C";"2023-08-31";"1055.1335";"92.8";"0.02";"1605.19";"1581.1";"1137.0223";"12070.71";"19903.74"
"E";"2023-08-30";"1054.8582";"92.65";"0.1";"1545.49";"495";"1138.5449";"12061.73";"19871.56"
"C";"2023-08-29";"1053.7757";"92.55";"0.06";"1398.88";"811.6";"1138.5449";"12070.74";"19903.67"
"E";"2023-08-28";"1053.1458";"92.5";"0.12";"1753.29";"440.2";"1138.5449";"12070.85";"19903.38"
"C";"2023-08-27";"1051.7847";"92.38";"0.22";"2568.79";"143.4";"1138.5449";"12070.97";"19903.05"
"C";"2023-08-26";"1049.3046";"92.16";"0.19";"2372.92";"234.6";"1138.5449";"12071.09";"19902.74"
"C";"2023-08-25";"1047.132";"91.97";"0.15";"1994.83";"258.4";"1138.5449";"12071.21";"19902.41"
"C";"2023-08-24";"1045.3702";"91.82";"0.13";"1812.71";"321.5";"1138.5449";"12071.2";"19902.44"
"C";"2023-08-23";"1043.8583";"91.71";"0.24";"1944.08";"268.9";"1138.1965";"12062.32";"19870.01"
"C";"2023-08-22";"1041.1774";"91.48";"0.07";"2068.77";"341.6";"1138.1965";"12071.44";"19901.83"
"C";"2023-08-21";"1040.4294";"91.41";"0.21";"2702.33";"278.6";"1138.1965";"12071.59";"19901.42"
"C";"2023-08-20";"1037.9875";"91.2";"0.29";"3442.77";"204.2";"1138.1969";"12071.59";"19901.43"
"C";"2023-08-19";"1034.6734";"90.9";"0.31";"3734.5";"234.3";"1138.1969";"12071.77";"19900.94"
"C";"2023-08-18";"1031.1039";"90.59";"0.3";"3470.54";"96.7";"1138.1969";"12071.96";"19900.44"
"C";"2023-08-17";"1027.6695";"90.29";"0.29";"3349.23";"120.7";"1138.1969";"12071.74";"19901.01"
"C";"2023-08-16";"1024.365";"90";"0.27";"3210.37";"158";"1138.2208";"12062.84";"19868.62"
"C";"2023-08-15";"1021.2976";"89.73";"0.28";"3324.19";"158.1";"1138.1658";"12072.03";"19900.26"
"C";"2023-08-14";"1018.0724";"89.59";"0.31";"3537.6";"91.3";"1136.3558";"12072.13";"19899.99"
"C";"2023-08-13";"1014.563";"89.3";"0.36";"4096.73";"69";"1136.1759";"12072.34";"19899.44"
"C";"2023-08-12";"1010.4651";"88.94";"0.37";"4248.35";"73.2";"1136.1241";"12072.56";"19898.86"
"C";"2023-08-11";"1006.2534";"88.57";"0.31";"3573.91";"121.4";"1136.1241";"12072.74";"19898.38"
"C";"2023-08-10";"1002.7488";"88.28";"0.27";"3163.92";"181.5";"1135.9241";"12072.66";"19898.59"
"C";"2023-08-09";"999.7139";"88.01";"0.27";"3236.93";"181.8";"1135.9241";"12063.8";"19866.09"
"C";"2023-08-08";"996.6019";"87.73";"0.3";"3379";"59.8";"1135.9241";"12072.98";"19897.75"
"C";"2023-08-07";"993.1994";"87.44";"0.3";"3397.06";"65.6";"1135.9241";"12073.11";"19897.4"
"E";"2023-08-06";"989.815";"87.14";"0.32";"3633.92";"40.9";"1135.9241";"12073.25";"19897.03"
"C";"2023-08-05";"986.1717";"86.82";"0.31";"3484.32";"85.7";"1135.9241";"12073.39";"19896.66"
"E";"2023-08-04";"982.6704";"86.51";"0.22";"2760.48";"251.7";"1135.9241";"12073.4";"19901.96"
"C";"2023-08-03";"980.1497";"86.29";"0.27";"3057.63";"99.7";"1135.9241";"12073.46";"19896.48"
"C";"2023-08-02";"977.1058";"86.03";"0.29";"3324.4";"84.9";"1135.7101";"12070.72";"19896.29"
"C";"2023-08-01";"973.8457";"85.75";"0.17";"3188.82";"1305.2";"1135.7101";"12070.86";"19895.94"
"C";"2023-07-31";"971.8749";"85.86";"0.3";"3524.21";"155.1";"1131.8931";"11961.07";"19821"
"C";"2023-07-30";"968.4296";"85.56";"0.38";"4314.71";"36";"1131.8681";"12001.16";"19885.51"
"C";"2023-07-29";"964.0784";"85.18";"0.37";"4186.83";"35.4";"1131.8681";"12001.33";"19885.06"
"C";"2023-07-28";"959.8771";"84.8";"0.25";"3001.98";"177.4";"1131.8681";"12001.4";"19884.87"
"C";"2023-07-27";"956.9953";"84.55";"0.26";"2997.49";"104.6";"1131.8681";"12001.38";"19884.94"
"C";"2023-07-26";"954.0391";"84.29";"0.27";"3020.3";"80.5";"1131.8681";"11992.5";"19852.49"
"C";"2023-07-25";"951.0385";"84.02";"0.25";"2834.91";"116.7";"1131.8681";"12001.57";"19884.42"
"C";"2023-07-24";"948.1978";"83.77";"0.26";"3006.29";"139.5";"1131.8681";"12001.67";"19884.16"
"C";"2023-07-23";"945.2491";"83.51";"0.37";"4124.94";"46.5";"1131.8681";"12001.81";"19883.81"
"C";"2023-07-22";"941.0963";"83.15";"0.34";"3915.84";"84.7";"1131.8681";"12004.49";"19887.41"
"C";"2023-07-21";"937.2209";"82.8";"0.26";"3023.88";"139.7";"1131.8681";"12004.62";"19887.07"
"C";"2023-07-20";"934.2815";"82.54";"0.22";"2656.72";"193.4";"1131.8681";"12004.63";"19887.05"
"E";"2023-07-19";"931.7633";"82.33";"0.22";"2775.91";"331.9";"1131.7441";"11994.12";"19854.58"
"C";"2023-07-18";"929.2774";"82.11";"0.23";"2836.09";"250.5";"1131.7441";"12003.26";"19886.34"
"C";"2023-07-17";"926.6251";"81.88";"0.28";"3273.27";"120.8";"1131.7441";"12003.4";"19885.97"
"E";"2023-07-16";"923.4364";"81.59";"0.38";"4264.96";"48.9";"1131.7441";"12018.66";"19885.28"
"C";"2023-07-15";"919.1439";"81.21";"0.38";"4299.31";"47.9";"1131.7441";"12018.93";"19884.58"
"C";"2023-07-14";"914.8432";"80.83";"0.29";"3421.9";"238.1";"1131.7441";"12019.14";"19884.02"
"C";"2023-07-13";"911.585";"80.55";"0.24";"2811.66";"206.1";"1131.7441";"12019.14";"19884.02"
"C";"2023-07-12";"908.914";"80.31";"0.24";"2850.68";"159";"1131.7264";"12010.27";"19851.54"
"C";"2023-07-11";"906.164";"80.14";"0.23";"2701.69";"288.4";"1130.7264";"12019.39";"19883.37"
"C";"2023-07-10";"903.6132";"79.91";"0.22";"2773.65";"276.2";"1130.7264";"12019.53";"19883"
"C";"2023-07-09";"901.1457";"79.64";"0.35";"3969.07";"89.5";"1131.5324";"12004.79";"19882.3"
"C";"2023-07-08";"897.187";"79.29";"0.36";"4042.18";"67";"1131.5324";"12005.07";"19881.57"
"C";"2023-07-07";"893.1543";"78.93";"0.3";"3385.11";"111";"1131.5324";"12005.31";"19880.93"
"C";"2023-07-06";"889.814";"78.64";"0.25";"2858.68";"123.7";"1131.5324";"12005.32";"19880.91"
"C";"2023-07-05";"887.0109";"78.39";"0.28";"3187.54";"79.5";"1131.5324";"11996.47";"19848.38"
"C";"2023-07-04";"883.8471";"78.11";"0.22";"2651.51";"168";"1131.5324";"12005.6";"19880.16"
"C";"2023-07-03";"881.3098";"77.9";"0.25";"3088.34";"283.6";"1131.3073";"12005.82";"19879.6"
"C";"2023-07-02";"878.4355";"77.65";"0.35";"4015.64";"98.4";"1131.3073";"12006.1";"19878.85"
"C";"2023-07-01";"874.4794";"77.3";"0.35";"4061.99";"116.4";"1131.3073";"12006.38";"19878.1"
"C";"2023-06-30";"870.491";"77.08";"0.26";"3172.9";"269.4";"1129.3614";"11984.62";"19877.68"
"C";"2023-06-29";"867.551";"76.82";"0.2";"2660.43";"420.9";"1129.2884";"11984.74";"19877.36"
"C";"2023-06-28";"865.28";"76.62";"0.2";"2659.3";"461.9";"1129.2884";"11975.87";"19844.9"
"C";"2023-06-27";"863.0523";"76.42";"0.22";"2831.77";"426.7";"1129.2884";"11985.11";"19876.4"
"C";"2023-06-26";"860.6019";"76.21";"0.27";"3215.51";"275.1";"1129.2884";"11985.33";"19875.8"
"C";"2023-06-25";"857.5833";"75.93";"0.36";"4018.67";"113.7";"1129.3964";"11986.38";"19876.95"
"C";"2023-06-24";"853.5544";"75.58";"0.36";"4093.82";"120.9";"1129.2884";"11945.9";"19874.32"
"C";"2023-06-23";"849.46";"75.22";"0.24";"2825.75";"281.9";"1129.2884";"11946.09";"19873.81"
"C";"2023-06-22";"846.7646";"74.98";"0.15";"2205.79";"610.1";"1129.2884";"11946.21";"19873.49"
"C";"2023-06-21";"845.078";"74.83";"0.1";"2489.63";"549.6";"1129.2884";"11937.36";"19840.97"
"C";"2023-06-20";"843.9519";"74.73";"0.28";"2643.43";"405";"1129.2884";"11946.49";"19872.75"
"C";"2023-06-19";"840.7602";"74.45";"0.26";"3032.48";"139.1";"1129.2884";"11946.66";"19872.3"
"C";"2023-06-18";"837.7829";"74.19";"0.39";"4298.59";"60.5";"1129.2884";"11946.95";"19871.53"
"C";"2023-06-17";"833.434";"73.8";"0.33";"3803.53";"209.7";"1129.2884";"11987.2";"19870.88"
"C";"2023-06-16";"829.7424";"73.47";"0.29";"3368.1";"228.1";"1129.2884";"11987.52";"19870.03"
"C";"2023-06-15";"826.5071";"73.19";"0.25";"3013.65";"320.9";"1129.2884";"11987.52";"19870.02"
"C";"2023-06-14";"823.7153";"72.94";"0.27";"3209.54";"268.1";"1129.2884";"11964.69";"19837.52"
"C";"2023-06-13";"820.6397";"72.67";"0.3";"3426.96";"154.1";"1129.2884";"11973.87";"19869.17"
"C";"2023-06-12";"817.2673";"72.37";"0.29";"3405.14";"250.6";"1129.2884";"11938.52";"19868.44"
"C";"2023-06-11";"813.9668";"72.08";"0.38";"4319.46";"99.4";"1129.2884";"11938.92";"19867.38"
"C";"2023-06-10";"809.6492";"71.7";"0.37";"4254.89";"121.7";"1129.2884";"11939.32";"19866.33"
"C";"2023-06-09";"805.4832";"71.33";"0.31";"3582.35";"197.1";"1129.2884";"11935.21";"19865.65"
"C";"2023-06-08";"801.9967";"71.02";"0.26";"3048.15";"163.5";"1129.2884";"11925";"19852.5"
"C";"2023-06-07";"799.0241";"70.75";"0.19";"2355.12";"224.1";"1129.2884";"11916.07";"19820.19"
"C";"2023-06-06";"796.8271";"70.56";"0.2";"2576.09";"374.4";"1129.2884";"11926.03";"19849.79"
"C";"2023-06-05";"794.5259";"70.36";"0.23";"2855.61";"322.8";"1129.2884";"11926.13";"19842.41"
"C";"2023-06-04";"791.9009";"70.13";"0.35";"3941.58";"106.3";"1129.2682";"11957.3";"19981.64"
"C";"2023-06-03";"787.9565";"69.78";"0.34";"3885.61";"82.5";"1129.2682";"11957.53";"19981.04"
"C";"2023-06-02";"784.0648";"69.43";"0.31";"3401.02";"181.9";"1129.2682";"11956.57";"19980.55"
"E";"2023-06-01";"780.5664";"69.05";"0.24";"3115.13";"480.4";"1130.358";"11956.12";"19979.99"
"C";"2023-05-31";"777.8543";"68.83";"0.22";"3027.6";"404.1";"1130.1434";"11945.4";"19945.46"
"C";"2023-05-30";"775.347";"68.56";"0.26";"3061.07";"393.8";"1130.8316";"11951.93";"19973.78"
"E";"2023-05-29";"772.3597";"68.3";"0.32";"3875.29";"216.6";"1130.8316";"11955.2";"19976.92"
"C";"2023-05-28";"768.7084";"67.98";"0.37";"4463.54";"113";"1130.8316";"11955.53";"19976.06"
"C";"2023-05-27";"764.5046";"67.61";"0.39";"4235.15";"125.3";"1130.8316";"11955.92";"19975.03"
"C";"2023-05-26";"760.0434";"67.21";"0.32";"3716.2";"219.2";"1130.8316";"11956.22";"19974.25"
"C";"2023-05-25";"756.4485";"66.89";"0.25";"2988.19";"365.8";"1130.8316";"11956.25";"19974.16"
"C";"2023-05-24";"753.64";"66.64";"0.23";"2896.36";"446.2";"1130.8316";"11947.41";"19941.61"
"C";"2023-05-23";"751.0923";"66.42";"0.26";"3192.14";"356.9";"1130.8316";"11956.7";"19972.98"
"C";"2023-05-22";"748.1494";"66.16";"0.27";"3133.01";"244.1";"1130.8316";"11957.13";"19971.84"
"C";"2023-05-21";"745.1257";"65.89";"0.43";"4808.08";"56.3";"1130.8316";"11997.6";"19970.59"
"C";"2023-05-20";"740.2532";"65.46";"0.42";"4676.39";"72.9";"1130.8316";"11998.08";"19969.33"
"C";"2023-05-19";"735.52";"65.04";"0.32";"3676.82";"131.5";"1130.8316";"11998.51";"19968.18"
"C";"2023-05-18";"731.8914";"64.82";"0.3";"3449.63";"115.7";"1129.0713";"11958.73";"19967.61"
"C";"2023-05-17";"728.5457";"64.53";"0.27";"3370.01";"431.8";"1129.0713";"11949.92";"19934.99"
"C";"2023-05-16";"725.5067";"64.25";"0.27";"2955.08";"287.1";"1129.1157";"11959.19";"19964.6"
"C";"2023-05-15";"722.504";"63.9";"0.28";"3305.36";"150.3";"1130.6387";"11977.24";"19947.83"
"C";"2023-05-14";"719.2941";"63.71";"0.4";"4482.98";"73";"1129.0942";"11960.12";"19602.58"
"C";"2023-05-13";"714.7887";"63.31";"0.4";"4531.27";"113.4";"1129.1151";"11960.57";"19601.38"
"C";"2023-05-12";"710.2775";"62.91";"0.26";"3371.44";"306.1";"1129.1151";"12000.93";"19600.44"
"C";"2023-05-11";"707.3034";"62.64";"0.22";"2720.93";"365.6";"1129.1151";"12000.41";"19601.81"
"C";"2023-05-10";"704.8702";"62.43";"0.21";"2632.26";"313.3";"1129.1151";"11991.59";"19569.22"
"C";"2023-05-09";"702.4646";"62.21";"0.21";"2678.52";"335.7";"1129.1151";"12000.78";"19960.84"
"E";"2023-05-08";"700.0501";"62";"0.28";"3478";"309.4";"1129.1618";"12001.07";"19960.08"
"C";"2023-05-07";"696.8523";"61.71";"0.36";"4286.34";"171.4";"1129.1618";"12001.4";"19959.19"
"C";"2023-05-06";"692.7355";"61.35";"0.35";"4149.65";"155.7";"1129.1618";"12001.7";"19958.41"
"C";"2023-05-05";"688.766";"61";"0.3";"3653.92";"254.3";"1129.1618";"12001.97";"19957.68"
"C";"2023-05-04";"685.3646";"60.7";"0.21";"3474.88";"1101.5";"1129.1618";"12001.97";"19957.69"
"E";"2023-05-03";"682.9928";"60.5";"0.23";"2959.29";"340.1";"1128.8818";"11992.36";"19924.23"
"E";"2023-05-02";"680.3856";"60.27";"0.22";"3011";"482.4";"1128.8818";"12002.48";"19956.61"
"C";"2023-05-01";"677.85";"60.05";"0.36";"4221.14";"185.5";"1128.7318";"11997.46";"19955.89"
"E";"2023-04-30";"673.7924";"59.73";"0.39";"4439.94";"107.6";"1128.0458";"11913.08";"20022.8"
"C";"2023-04-29";"669.4202";"59.29";"0.35";"4090.07";"189.2";"1129.0285";"11910.27";"20021.57"
"C";"2023-04-28";"665.5249";"58.95";"0.23";"3041.57";"388.5";"1129.0285";"11910.38";"20021.29"
"C";"2023-04-27";"662.9205";"58.72";"0.17";"2413.21";"479.8";"1129.0285";"11909.46";"20023.7"
"C";"2023-04-26";"660.9714";"58.54";"0.1";"2044.93";"948.9";"1129.0285";"11900.49";"19991.5"
"C";"2023-04-25";"659.8699";"58.45";"0.22";"3005.08";"632.2";"1129.0285";"11909.66";"20023.19"
"C";"2023-04-24";"657.3483";"58.22";"0.28";"3456.62";"271.4";"1129.0285";"11909.74";"20022.97"
"C";"2023-04-23";"654.1633";"57.94";"0.36";"4182.11";"154.3";"1129.0285";"11909.86";"20022.66"
"C";"2023-04-22";"650.1344";"57.58";"0.33";"3870.72";"171.5";"1129.0285";"11909.96";"20022.38"
"C";"2023-04-21";"646.4475";"57.26";"0.21";"2639.3";"286";"1129.0285";"11910.04";"20022.18"
"C";"2023-04-20";"644.093";"57.1";"0.15";"2309.2";"624.8";"1127.9585";"11910.07";"19997.58"
"C";"2023-04-19";"642.4117";"56.95";"0.17";"2713.66";"587.2";"1127.9585";"11901.17";"19965.21"
"C";"2023-04-18";"640.523";"56.79";"0.14";"2017.56";"484.3";"1127.9585";"11910.22";"19997.21"
"C";"2023-04-17";"638.9929";"56.65";"0.12";"1906.99";"593.3";"1127.9585";"11910.26";"19997.1"
"C";"2023-04-16";"637.6789";"56.53";"0.21";"2561.91";"376.8";"1127.9585";"11910.33";"19996.9"
"E";"2023-04-15";"635.2792";"56.32";"0.17";"2268.97";"369.8";"1127.9585";"11910.44";"19996.61"
"C";"2023-04-14";"633.39";"56.21";"0";"1625.79";"695.9";"1126.8579";"11910.49";"19996.5"
"C";"2023-04-13";"633.3855";"56.21";"0.08";"1321.6";"1375.7";"1126.8579";"11910.4";"19996.72"
"C";"2023-04-12";"632.5212";"56.13";"0.08";"1713.4";"798.3";"1126.8579";"11901.49";"19964.36"
"C";"2023-04-11";"631.6249";"56.05";"0.14";"1946.16";"419";"1126.8579";"11908.11";"19992.08"
"C";"2023-04-10";"630.0833";"55.92";"0.21";"2686.1";"311.2";"1126.8579";"11908.18";"20084.38"
"C";"2023-04-09";"627.7175";"55.71";"0.18";"2504.71";"397.6";"1126.8579";"11908.26";"20084.19"
"C";"2023-04-08";"625.6381";"55.52";"0.11";"1947.51";"667.4";"1126.8579";"11908.31";"20084.04"
"C";"2023-04-07";"624.3902";"55.41";"0.02";"1326.89";"1036.1";"1126.8579";"11908.37";"20083.89"
"C";"2023-04-06";"624.1149";"55.48";"-0.08";"691.75";"1548.5";"1124.8579";"11908.37";"20083.9"
"C";"2023-04-05";"624.9899";"55.56";"-0.12";"784.89";"2083.7";"1124.8579";"11899.35";"20051.82"
"C";"2023-04-04";"626.3315";"55.69";"-0.12";"728.14";"2179.9";"1124.7109";"11906.66";"20051.07"
"E";"2023-04-03";"627.7306";"55.81";"-0.08";"777.96";"1565.1";"1124.7109";"11906.66";"20051.07"
"E";"2023-04-02";"628.5865";"55.88";"0.05";"1323.88";"784.1";"1124.8219";"11888.75";"20075.84"
"E";"2023-04-01";"627.9931";"55.82";"0.02";"2108.76";"436.8";"1124.9783";"11890.1";"20077.58"
"C";"2023-03-31";"627.8241";"55.8";"0.21";"1502.49";"1134.3";"1125.2066";"11840.73";"20071.9"
"C";"2023-03-30";"625.4537";"55.61";"0.04";"1422.59";"963.4";"1124.7179";"11840.03";"20069.86"
"C";"2023-03-29";"625.012";"55.57";"-0.08";"668.99";"1603.6";"1124.7179";"11831.05";"20037.65"
"C";"2023-03-28";"625.8618";"55.65";"-0.21";"456.6";"2772";"1124.6164";"11823.2";"20062.18"
"E";"2023-03-27";"628.2532";"55.86";"-0.14";"603.86";"2095.1";"1124.7179";"11828.89";"20070.7"
"E";"2023-03-26";"629.8029";"56";"0.07";"1615.73";"813";"1124.7179";"11825.78";"20066.06"
"E";"2023-03-25";"628.9689";"55.99";"0.13";"2094.14";"646.8";"1123.2643";"11706.43";"19868.26"
"C";"2023-03-24";"627.5113";"55.79";"0.13";"2092.05";"764.7";"1124.7179";"11828.52";"20067.88"
"C";"2023-03-23";"626.0067";"55.66";"0.06";"1650.36";"1059.6";"1124.7179";"11817.11";"20023.23"
"C";"2023-03-22";"625.2916";"55.6";"0.03";"1438.86";"1169.8";"1124.7179";"11809.22";"19994.38"
"C";"2023-03-21";"624.9643";"55.57";"-0.04";"796.41";"1277";"1124.7179";"11830.28";"20069.19"
"C";"2023-03-20";"625.445";"55.61";"-0.12";"481.17";"1760.5";"1124.7179";"11830.37";"20088.45"
"C";"2023-03-19";"626.8036";"55.73";"0.03";"1315.48";"1020.6";"1124.7179";"11830.52";"20088.05"
"C";"2023-03-18";"626.5062";"55.7";"0.05";"1492.64";"1030.8";"1124.7179";"11830.73";"20087.5"
"C";"2023-03-17";"625.9414";"55.65";"-0.09";"794.56";"1803.3";"1124.7179";"11830.82";"20087.25"
"C";"2023-03-16";"626.956";"55.74";"-0.2";"398.83";"2615.8";"1124.7179";"11817.81";"20040.88"
"C";"2023-03-15";"629.1877";"55.94";"-0.26";"322.26";"3217.6";"1124.7179";"11809.79";"20012.36"
"C";"2023-03-14";"632.0824";"56.2";"-0.17";"364.8";"2177.1";"1124.7179";"11830.79";"20087.33"
"C";"2023-03-13";"633.9407";"56.36";"-0.1";"850.52";"1903";"1124.7179";"11831.06";"20086.62"
"C";"2023-03-12";"635.0198";"56.46";"-0.15";"521.2";"2132.1";"1124.7179";"11831.07";"20086.59"
"C";"2023-03-11";"636.7109";"56.61";"-0.23";"238.21";"2779.2";"1124.7179";"11830.99";"20086.81"
"C";"2023-03-10";"639.3208";"56.84";"-0.29";"230.87";"3454.3";"1124.7179";"11830.91";"20105.21"
"C";"2023-03-09";"642.6249";"57.14";"-0.37";"268.13";"4358.3";"1124.7179";"11830.49";"20068.13"
"C";"2023-03-08";"646.8191";"57.51";"-0.5";"138.31";"5798.7";"1124.7179";"11820.91";"20037.52"
"C";"2023-03-07";"652.4524";"58.01";"-0.51";"102.66";"5821.1";"1124.7179";"11829.4";"20071.01"
"C";"2023-03-06";"658.1859";"58.52";"-0.41";"92.93";"5936.4";"1124.7179";"11828.94";"20072.22"
"C";"2023-03-05";"662.7734";"58.93";"-0.55";"166.86";"3999.2";"1124.7179";"11828.69";"20072.88"
"C";"2023-03-04";"668.9794";"59.48";"-0.2";"243.54";"3620.8";"1124.7179";"11828.5";"20073.38"
"E";"2023-03-03";"671.2202";"59.68";"-0.44";"241.29";"5302.9";"1124.7179";"11828.11";"20074.41"
"C";"2023-03-02";"676.2093";"60.12";"-0.48";"161.12";"5408.9";"1124.7171";"11827.55";"20075.71"
"C";"2023-03-01";"681.5597";"60.6";"-0.42";"160.64";"5897.6";"1124.7179";"11813.38";"20039.2"
"E";"2023-02-28";"686.3222";"61.03";"-0.52";"214.28";"6098.5";"1124.6164";"11819.85";"20093.52"
"C";"2023-02-27";"692.215";"61.55";"-0.56";"165.34";"6209.2";"1124.7179";"11825.14";"20103.1"
"C";"2023-02-26";"698.504";"62.16";"-0.24";"352.45";"3569.2";"1123.7502";"11818.79";"20088.86"
"C";"2023-02-25";"701.2036";"62.4";"-0.24";"471.56";"2965.2";"1123.7502";"11816.77";"20087.77"
"C";"2023-02-24";"703.9285";"62.64";"-0.27";"451.46";"3529.1";"1123.7502";"11818.13";"20090.61"
"E";"2023-02-23";"707.0077";"62.92";"-0.27";"443.54";"3504.7";"1123.7502";"11817.88";"20091.24"
"C";"2023-02-22";"710.0861";"63.19";"-0.29";"364.24";"3619.3";"1123.7501";"11808.6";"20059.85"
"C";"2023-02-21";"713.3503";"63.48";"-0.3";"415.09";"3796";"1123.7501";"11817.56";"20092.08"
"C";"2023-02-20";"716.7556";"63.78";"-0.24";"541.25";"3244.5";"1123.7501";"11817.6";"20116.19"
"C";"2023-02-19";"719.4409";"64.02";"-0.13";"888.15";"2241.1";"1123.7501";"11817.64";"20116.08"
"C";"2023-02-18";"720.8646";"64.15";"-0.11";"1160.67";"2267.3";"1123.7501";"11817.75";"20115.78"
"C";"2023-02-17";"722.0692";"64.26";"-0.25";"609.96";"3346.7";"1123.7501";"11817.84";"20115.55"
"C";"2023-02-16";"724.8763";"64.51";"-0.34";"229.08";"3995.4";"1123.7501";"11817.72";"20115.85"
"C";"2023-02-15";"728.7353";"64.85";"-0.42";"147.48";"4785.5";"1123.7501";"11808.66";"20083.88"
"C";"2023-02-14";"733.4188";"65.27";"-0.44";"118.01";"5072.6";"1123.7501";"11817.13";"20117.43"
"C";"2023-02-13";"738.3865";"65.71";"-0.45";"204.2";"5300.5";"1123.7501";"11816.64";"20118.7"
"C";"2023-02-12";"743.4935";"66.16";"-0.36";"292.52";"4162.3";"1123.7501";"11816.33";"20119.54"
"C";"2023-02-11";"747.5334";"66.52";"-0.43";"189.46";"4970.4";"1123.7501";"11815.96";"20120.51"
"C";"2023-02-10";"752.3464";"66.95";"-0.58";"205.2";"6750";"1123.7501";"11815.61";"20129.42"
"C";"2023-02-09";"758.8946";"67.53";"-0.67";"163.9";"7704.7";"1123.7501";"11815.26";"20130.34"
"C";"2023-02-08";"766.4737";"68.21";"-0.66";"144.63";"7497.2";"1123.7501";"11805.88";"20099.22"
"C";"2023-02-07";"773.8454";"68.86";"-0.65";"172.99";"7586.4";"1123.7501";"11814.5";"20132.36"
"C";"2023-02-06";"781.1436";"69.51";"-0.53";"121.58";"7202";"1123.7501";"11814.14";"20133.3"
"C";"2023-02-05";"787.1428";"70.17";"-0.43";"322.18";"4158.2";"1121.7507";"11759.96";"20039.28"
"E";"2023-02-04";"791.9889";"70.48";"-0.31";"357.98";"3802";"1123.7501";"11813.74";"20132.36"
"E";"2023-02-03";"795.4757";"70.79";"-0.38";"233.03";"4431.3";"1123.7501";"11813.44";"20057.06"
"E";"2023-02-02";"799.7874";"71.17";"-0.45";"238.62";"5328.8";"1123.7501";"11813.04";"20055.09"
"E";"2023-02-01";"804.8753";"71.62";"-0.47";"215.59";"5392.9";"1123.7501";"11803.4";"20023.59"
"E";"2023-01-31";"810.1739";"72.1";"-0.34";"193.58";"6162.2";"1123.7501";"11812.3";"20093.65"
"E";"2023-01-30";"813.9452";"72.58";"-0.58";"118.89";"6576.2";"1121.4501";"11792.29";"20020.57"
"E";"2023-01-29";"820.4164";"73.16";"-0.53";"255.43";"5938.4";"1121.4501";"11791.98";"20021.38"
"E";"2023-01-28";"826.3147";"73.68";"-0.58";"199.59";"6661.9";"1121.4501";"11791.57";"20022.45"
"E";"2023-01-27";"832.8193";"74.26";"-0.7";"159.86";"8017.1";"1121.4501";"11778.2";"19977.02"
"E";"2023-01-26";"840.6904";"74.96";"-0.64";"178.64";"7968.7";"1121.4501";"11766.86";"19938.66"
"E";"2023-01-25";"847.8995";"75.61";"-0.68";"168.21";"7886.3";"1121.4501";"11766.51";"19939.59"
"E";"2023-01-24";"855.5187";"76.29";"-0.72";"157.13";"8303.3";"1121.45";"11766.17";"19940.48"
"E";"2023-01-23";"863.5858";"77.01";"-0.72";"133.56";"8267.7";"1121.45";"11765.83";"19941.37"
"E";"2023-01-22";"871.6349";"77.77";"-0.55";"257.53";"6377.4";"1120.746";"11760.37";"19936.92"
"E";"2023-01-21";"877.8163";"78.32";"-0.53";"264.41";"6122.7";"1120.746";"11760.07";"19937.69"
"E";"2023-01-20";"883.7173";"78.85";"-0.62";"180.59";"7066.8";"1120.746";"11760.03";"19967.81"
"E";"2023-01-19";"890.6133";"79.47";"-0.59";"123.36";"6753.5";"1120.746";"11759.7";"19968.69"
"E";"2023-01-18";"897.2544";"80.06";"-0.5";"161.52";"5758.1";"1120.746";"11759.39";"19969.5"
"E";"2023-01-17";"902.9052";"80.62";"-0.48";"172.62";"5510.7";"1119.956";"11759.11";"19970.23"
"E";"2023-01-16";"908.2574";"81.1";"-0.42";"185.85";"4763";"1119.956";"11761.92";"19981.46"
"E";"2023-01-15";"912.9805";"81.52";"-0.21";"494.71";"2734";"1119.956";"11782.89";"20056.5"
"E";"2023-01-14";"915.3039";"81.73";"-0.19";"623.42";"2701.5";"1119.956";"11782.86";"20056.58"
"E";"2023-01-13";"917.3944";"81.91";"-0.24";"401.87";"2992.1";"1119.956";"11782.79";"20056.75"
"E";"2023-01-12";"920.0537";"82.15";"-0.21";"448.46";"2775.3";"1119.956";"11782.76";"20056.84"
"E";"2023-01-11";"922.3836";"82.36";"-0.22";"445.62";"2953.2";"1119.956";"11773.74";"20024.76"
"E";"2023-01-10";"924.8934";"82.62";"-0.23";"371.04";"3065.1";"1119.4312";"11782.68";"20067.55"
"E";"2023-01-09";"927.5206";"82.86";"-0.22";"383.85";"2888.5";"1119.4312";"11782.63";"20067.68"
"E";"2023-01-08";"930.03";"83.08";"-0.07";"941.39";"1687.7";"1119.4312";"11782.63";"20067.69"
"E";"2023-01-07";"930.8104";"83.15";"-0.04";"1128.11";"1486.5";"1119.4312";"11782.62";"20067.7"
"E";"2023-01-06";"931.2802";"83.19";"-0.05";"1122.45";"1643.8";"1119.4312";"11782.63";"20067.68"
"E";"2023-01-05";"931.8386";"83.24";"-0.13";"818.52";"2141.7";"1119.4312";"11782.6";"20067.76"
"E";"2023-01-04";"933.2785";"83.37";"-0.06";"997.29";"1675.3";"1119.4212";"11773.57";"20035.7"
"E";"2023-01-03";"933.9947";"83.44";"-0.08";"1264.17";"2198.3";"1119.4212";"11782.56";"20067.86"
"E";"2023-01-02";"934.9074";"83.52";"0";"1521.14";"1436.8";"1119.4212";"11782.6";"20067.76"
"E";"2023-01-01";"934.928";"83.53";"0";"2341.98";"767.2";"1119.3095";"11781.76";"20066.18"