Trading day;Product;Place of delivery;Area;First Day Delivery;Last Day Delivery;"MIBGAS Daily Price [EUR/MWh]";
31/12/2023;GDAES_D+1;PVB;ES;01/01/2024;01/01/2024;31.18;
30/12/2023;GDAES_D+1;PVB;ES;31/12/2023;31/12/2023;30.99;
29/12/2023;GDAES_D+1;PVB;ES;30/12/2023;30/12/2023;31.59;
29/12/2023;GMAES;PVB;ES;01/01/2024;31/01/2024;32.25;
28/12/2023;GDAES_D+1;PVB;ES;29/12/2023;29/12/2023;31.35;
28/12/2023;GMAES;PVB;ES;01/01/2024;31/01/2024;31.2;
28/12/2023;GQES_Q+1;PVB;ES;01/01/2024;31/03/2024;31.55;
28/12/2023;GYES_Y+1;PVB;ES;01/01/2024;31/12/2024;32.48;
27/12/2023;GDAES_D+1;PVB;ES;28/12/2023;28/12/2023;33.26;
27/12/2023;GMAES;PVB;ES;01/01/2024;31/01/2024;33.56;
27/12/2023;GQES_Q+1;PVB;ES;01/01/2024;31/03/2024;33.86;
27/12/2023;GYES_Y+1;PVB;ES;01/01/2024;31/12/2024;34.46;
26/12/2023;GDAES_D+1;PVB;ES;27/12/2023;27/12/2023;34.85;
25/12/2023;GDAES_D+1;PVB;ES;26/12/2023;26/12/2023;33.81;
24/12/2023;GDAES_D+1;PVB;ES;25/12/2023;25/12/2023;33.55;
23/12/2023;GDAES_D+1;PVB;ES;24/12/2023;24/12/2023;32.26;
22/12/2023;GDAES_D+1;PVB;ES;23/12/2023;23/12/2023;33.5;
22/12/2023;GMAES;PVB;ES;01/01/2024;31/01/2024;32;
22/12/2023;GQES_Q+1;PVB;ES;01/01/2024;31/03/2024;32.31;
22/12/2023;GYES_Y+1;PVB;ES;01/01/2024;31/12/2024;33.05;
21/12/2023;GDAES_D+1;PVB;ES;22/12/2023;22/12/2023;31.31;
21/12/2023;GMAES;PVB;ES;01/01/2024;31/01/2024;32.25;
21/12/2023;GQES_Q+1;PVB;ES;01/01/2024;31/03/2024;32.81;
21/12/2023;GYES_Y+1;PVB;ES;01/01/2024;31/12/2024;33.8;
20/12/2023;GDAES_D+1;PVB;ES;21/12/2023;21/12/2023;31.5;
20/12/2023;GMAES;PVB;ES;01/01/2024;31/01/2024;31.6;
20/12/2023;GQES_Q+1;PVB;ES;01/01/2024;31/03/2024;31.75;
20/12/2023;GYES_Y+1;PVB;ES;01/01/2024;31/12/2024;32.61;
19/12/2023;GDAES_D+1;PVB;ES;20/12/2023;20/12/2023;30.81;
19/12/2023;GMAES;PVB;ES;01/01/2024;31/01/2024;31.1;
19/12/2023;GQES_Q+1;PVB;ES;01/01/2024;31/03/2024;31.2;
19/12/2023;GYES_Y+1;PVB;ES;01/01/2024;31/12/2024;32.19;
18/12/2023;GDAES_D+1;PVB;ES;19/12/2023;19/12/2023;33.94;
18/12/2023;GMAES;PVB;ES;01/01/2024;31/01/2024;33.41;
18/12/2023;GQES_Q+1;PVB;ES;01/01/2024;31/03/2024;33.7;
18/12/2023;GYES_Y+1;PVB;ES;01/01/2024;31/12/2024;34.6;
17/12/2023;GDAES_D+1;PVB;ES;18/12/2023;18/12/2023;34.49;
16/12/2023;GDAES_D+1;PVB;ES;17/12/2023;17/12/2023;32.49;
15/12/2023;GDAES_D+1;PVB;ES;16/12/2023;16/12/2023;30.76;
15/12/2023;GMAES;PVB;ES;01/01/2024;31/01/2024;31.1;
15/12/2023;GQES_Q+1;PVB;ES;01/01/2024;31/03/2024;31.5;
15/12/2023;GYES_Y+1;PVB;ES;01/01/2024;31/12/2024;32.75;
14/12/2023;GDAES_D+1;PVB;ES;15/12/2023;15/12/2023;31.78;
14/12/2023;GMAES;PVB;ES;01/01/2024;31/01/2024;32.35;
14/12/2023;GQES_Q+1;PVB;ES;01/01/2024;31/03/2024;33.13;
14/12/2023;GYES_Y+1;PVB;ES;01/01/2024;31/12/2024;34.35;
13/12/2023;GDAES_D+1;PVB;ES;14/12/2023;14/12/2023;32.87;
13/12/2023;GMAES;PVB;ES;01/01/2024;31/01/2024;33.1;
13/12/2023;GQES_Q+1;PVB;ES;01/01/2024;31/03/2024;33.64;
13/12/2023;GYES_Y+1;PVB;ES;01/01/2024;31/12/2024;34.8;
12/12/2023;GDAES_D+1;PVB;ES;13/12/2023;13/12/2023;32.07;
12/12/2023;GMAES;PVB;ES;01/01/2024;31/01/2024;32.13;
12/12/2023;GQES_Q+1;PVB;ES;01/01/2024;31/03/2024;33.5;
12/12/2023;GYES_Y+1;PVB;ES;01/01/2024;31/12/2024;34.4;
11/12/2023;GDAES_D+1;PVB;ES;12/12/2023;12/12/2023;33.56;
11/12/2023;GMAES;PVB;ES;01/01/2024;31/01/2024;33.73;
11/12/2023;GQES_Q+1;PVB;ES;01/01/2024;31/03/2024;34.6;
11/12/2023;GYES_Y+1;PVB;ES;01/01/2024;31/12/2024;35.5;
10/12/2023;GDAES_D+1;PVB;ES;11/12/2023;11/12/2023;36.18;
09/12/2023;GDAES_D+1;PVB;ES;10/12/2023;10/12/2023;35.11;
08/12/2023;GDAES_D+1;PVB;ES;09/12/2023;09/12/2023;37.29;
08/12/2023;GMAES;PVB;ES;01/01/2024;31/01/2024;36.12;
08/12/2023;GQES_Q+1;PVB;ES;01/01/2024;31/03/2024;36.46;
08/12/2023;GYES_Y+1;PVB;ES;01/01/2024;31/12/2024;36.98;
07/12/2023;GDAES_D+1;PVB;ES;08/12/2023;08/12/2023;37.5;
07/12/2023;GMAES;PVB;ES;01/01/2024;31/01/2024;37.18;
07/12/2023;GQES_Q+1;PVB;ES;01/01/2024;31/03/2024;37.52;
07/12/2023;GYES_Y+1;PVB;ES;01/01/2024;31/12/2024;37.87;
06/12/2023;GDAES_D+1;PVB;ES;07/12/2023;07/12/2023;36.17;
06/12/2023;GMAES;PVB;ES;01/01/2024;31/01/2024;37;
06/12/2023;GQES_Q+1;PVB;ES;01/01/2024;31/03/2024;37.29;
06/12/2023;GYES_Y+1;PVB;ES;01/01/2024;31/12/2024;37.67;
05/12/2023;GDAES_D+1;PVB;ES;06/12/2023;06/12/2023;36.42;
05/12/2023;GMAES;PVB;ES;01/01/2024;31/01/2024;35.15;
05/12/2023;GQES_Q+1;PVB;ES;01/01/2024;31/03/2024;36.1;
05/12/2023;GYES_Y+1;PVB;ES;01/01/2024;31/12/2024;36.9;
04/12/2023;GDAES_D+1;PVB;ES;05/12/2023;05/12/2023;37.87;
04/12/2023;GMAES;PVB;ES;01/01/2024;31/01/2024;37.1;
04/12/2023;GQES_Q+1;PVB;ES;01/01/2024;31/03/2024;37.55;
04/12/2023;GYES_Y+1;PVB;ES;01/01/2024;31/12/2024;38.85;
03/12/2023;GDAES_D+1;PVB;ES;04/12/2023;04/12/2023;42.02;
02/12/2023;GDAES_D+1;PVB;ES;03/12/2023;03/12/2023;42.2;
01/12/2023;GDAES_D+1;PVB;ES;02/12/2023;02/12/2023;40.98;
01/12/2023;GMAES;PVB;ES;01/01/2024;31/01/2024;40.93;
01/12/2023;GQES_Q+1;PVB;ES;01/01/2024;31/03/2024;41.71;
01/12/2023;GYES_Y+1;PVB;ES;01/01/2024;31/12/2024;42.25;
30/11/2023;GDAES_D+1;PVB;ES;01/12/2023;01/12/2023;38.12;
30/11/2023;GMAES;PVB;ES;01/12/2023;31/12/2023;37.88;
30/11/2023;GQES_Q+1;PVB;ES;01/01/2024;31/03/2024;39.89;
30/11/2023;GYES_Y+1;PVB;ES;01/01/2024;31/12/2024;40.35;
29/11/2023;GDAES_D+1;PVB;ES;30/11/2023;30/11/2023;37.13;
29/11/2023;GMAES;PVB;ES;01/12/2023;31/12/2023;36.05;
29/11/2023;GQES_Q+1;PVB;ES;01/01/2024;31/03/2024;38.96;
29/11/2023;GYES_Y+1;PVB;ES;01/01/2024;31/12/2024;39.65;
28/11/2023;GDAES_D+1;PVB;ES;29/11/2023;29/11/2023;40.58;
28/11/2023;GMAES;PVB;ES;01/12/2023;31/12/2023;39.49;
28/11/2023;GQES_Q+1;PVB;ES;01/01/2024;31/03/2024;42;
28/11/2023;GYES_Y+1;PVB;ES;01/01/2024;31/12/2024;42.5;
27/11/2023;GDAES_D+1;PVB;ES;28/11/2023;28/11/2023;41.16;
27/11/2023;GMAES;PVB;ES;01/12/2023;31/12/2023;40.34;
27/11/2023;GQES_Q+1;PVB;ES;01/01/2024;31/03/2024;43.23;
27/11/2023;GYES_Y+1;PVB;ES;01/01/2024;31/12/2024;43.2;
26/11/2023;GDAES_D+1;PVB;ES;27/11/2023;27/11/2023;44.53;
25/11/2023;GDAES_D+1;PVB;ES;26/11/2023;26/11/2023;43.53;
24/11/2023;GDAES_D+1;PVB;ES;25/11/2023;25/11/2023;43.1;
24/11/2023;GMAES;PVB;ES;01/12/2023;31/12/2023;43.3;
24/11/2023;GQES_Q+1;PVB;ES;01/01/2024;31/03/2024;45.2;
24/11/2023;GYES_Y+1;PVB;ES;01/01/2024;31/12/2024;45.6;
23/11/2023;GDAES_D+1;PVB;ES;24/11/2023;24/11/2023;41.3;
23/11/2023;GMAES;PVB;ES;01/12/2023;31/12/2023;43.45;
23/11/2023;GQES_Q+1;PVB;ES;01/01/2024;31/03/2024;45.3;
23/11/2023;GYES_Y+1;PVB;ES;01/01/2024;31/12/2024;45.6;
22/11/2023;GDAES_D+1;PVB;ES;23/11/2023;23/11/2023;39.29;
22/11/2023;GMAES;PVB;ES;01/12/2023;31/12/2023;41.23;
22/11/2023;GQES_Q+1;PVB;ES;01/01/2024;31/03/2024;43.68;
22/11/2023;GYES_Y+1;PVB;ES;01/01/2024;31/12/2024;44;
21/11/2023;GDAES_D+1;PVB;ES;22/11/2023;22/11/2023;38.05;
21/11/2023;GMAES;PVB;ES;01/12/2023;31/12/2023;40.38;
21/11/2023;GQES_Q+1;PVB;ES;01/01/2024;31/03/2024;43.06;
21/11/2023;GYES_Y+1;PVB;ES;01/01/2024;31/12/2024;43.4;
20/11/2023;GDAES_D+1;PVB;ES;21/11/2023;21/11/2023;40.13;
20/11/2023;GMAES;PVB;ES;01/12/2023;31/12/2023;42.68;
20/11/2023;GQES_Q+1;PVB;ES;01/01/2024;31/03/2024;45;
20/11/2023;GYES_Y+1;PVB;ES;01/01/2024;31/12/2024;45.5;
19/11/2023;GDAES_D+1;PVB;ES;20/11/2023;20/11/2023;38;
18/11/2023;GDAES_D+1;PVB;ES;19/11/2023;19/11/2023;37.81;
17/11/2023;GDAES_D+1;PVB;ES;18/11/2023;18/11/2023;37.05;
17/11/2023;GMAES;PVB;ES;01/12/2023;31/12/2023;41.75;
17/11/2023;GQES_Q+1;PVB;ES;01/01/2024;31/03/2024;44.3;
17/11/2023;GYES_Y+1;PVB;ES;01/01/2024;31/12/2024;44.84;
16/11/2023;GDAES_D+1;PVB;ES;17/11/2023;17/11/2023;39.77;
16/11/2023;GMAES;PVB;ES;01/12/2023;31/12/2023;42.24;
16/11/2023;GQES_Q+1;PVB;ES;01/01/2024;31/03/2024;45.2;
16/11/2023;GYES_Y+1;PVB;ES;01/01/2024;31/12/2024;45.66;
15/11/2023;GDAES_D+1;PVB;ES;16/11/2023;16/11/2023;40.17;
15/11/2023;GMAES;PVB;ES;01/12/2023;31/12/2023;43.25;
15/11/2023;GQES_Q+1;PVB;ES;01/01/2024;31/03/2024;46.1;
15/11/2023;GYES_Y+1;PVB;ES;01/01/2024;31/12/2024;46.44;
14/11/2023;GDAES_D+1;PVB;ES;15/11/2023;15/11/2023;37.83;
14/11/2023;GMAES;PVB;ES;01/12/2023;31/12/2023;43.89;
14/11/2023;GQES_Q+1;PVB;ES;01/01/2024;31/03/2024;47.2;
14/11/2023;GYES_Y+1;PVB;ES;01/01/2024;31/12/2024;47.3;
13/11/2023;GDAES_D+1;PVB;ES;14/11/2023;14/11/2023;30.04;
13/11/2023;GMAES;PVB;ES;01/12/2023;31/12/2023;42.63;
13/11/2023;GQES_Q+1;PVB;ES;01/01/2024;31/03/2024;47.25;
13/11/2023;GYES_Y+1;PVB;ES;01/01/2024;31/12/2024;47.1;
12/11/2023;GDAES_D+1;PVB;ES;13/11/2023;13/11/2023;30.56;
11/11/2023;GDAES_D+1;PVB;ES;12/11/2023;12/11/2023;33.04;
10/11/2023;GDAES_D+1;PVB;ES;11/11/2023;11/11/2023;34.89;
10/11/2023;GMAES;PVB;ES;01/12/2023;31/12/2023;43.38;
10/11/2023;GQES_Q+1;PVB;ES;01/01/2024;31/03/2024;46.4;
10/11/2023;GYES_Y+1;PVB;ES;01/01/2024;31/12/2024;46.2;
09/11/2023;GDAES_D+1;PVB;ES;10/11/2023;10/11/2023;35.98;
09/11/2023;GMAES;PVB;ES;01/12/2023;31/12/2023;45.23;
09/11/2023;GQES_Q+1;PVB;ES;01/01/2024;31/03/2024;46.79;
09/11/2023;GYES_Y+1;PVB;ES;01/01/2024;31/12/2024;46.31;
08/11/2023;GDAES_D+1;PVB;ES;09/11/2023;09/11/2023;38.98;
08/11/2023;GMAES;PVB;ES;01/12/2023;31/12/2023;42.98;
08/11/2023;GQES_Q+1;PVB;ES;01/01/2024;31/03/2024;45.7;
08/11/2023;GYES_Y+1;PVB;ES;01/01/2024;31/12/2024;45.75;
07/11/2023;GDAES_D+1;PVB;ES;08/11/2023;08/11/2023;40.4;
07/11/2023;GMAES;PVB;ES;01/12/2023;31/12/2023;44.38;
07/11/2023;GQES_Q+1;PVB;ES;01/01/2024;31/03/2024;46.7;
07/11/2023;GYES_Y+1;PVB;ES;01/01/2024;31/12/2024;46.55;
06/11/2023;GDAES_D+1;PVB;ES;07/11/2023;07/11/2023;39.25;
06/11/2023;GMAES;PVB;ES;01/12/2023;31/12/2023;42.59;
06/11/2023;GQES_Q+1;PVB;ES;01/01/2024;31/03/2024;45.25;
06/11/2023;GYES_Y+1;PVB;ES;01/01/2024;31/12/2024;45.3;
05/11/2023;GDAES_D+1;PVB;ES;06/11/2023;06/11/2023;37.92;
04/11/2023;GDAES_D+1;PVB;ES;05/11/2023;05/11/2023;38.1;
03/11/2023;GDAES_D+1;PVB;ES;04/11/2023;04/11/2023;35.03;
03/11/2023;GMAES;PVB;ES;01/12/2023;31/12/2023;45.4;
03/11/2023;GQES_Q+1;PVB;ES;01/01/2024;31/03/2024;48.3;
03/11/2023;GYES_Y+1;PVB;ES;01/01/2024;31/12/2024;48;
02/11/2023;GDAES_D+1;PVB;ES;03/11/2023;03/11/2023;34.33;
02/11/2023;GMAES;PVB;ES;01/12/2023;31/12/2023;46.53;
02/11/2023;GQES_Q+1;PVB;ES;01/01/2024;31/03/2024;49.6;
02/11/2023;GYES_Y+1;PVB;ES;01/01/2024;31/12/2024;49;
01/11/2023;GDAES_D+1;PVB;ES;02/11/2023;02/11/2023;35.18;
01/11/2023;GMAES;PVB;ES;01/12/2023;31/12/2023;46;
01/11/2023;GQES_Q+1;PVB;ES;01/01/2024;31/03/2024;48.41;
01/11/2023;GYES_Y+1;PVB;ES;01/01/2024;31/12/2024;48.72;
31/10/2023;GDAES_D+1;PVB;ES;01/11/2023;01/11/2023;36.45;
31/10/2023;GMAES;PVB;ES;01/11/2023;30/11/2023;40;
31/10/2023;GQES_Q+1;PVB;ES;01/01/2024;31/03/2024;48.2;
31/10/2023;GYES_Y+1;PVB;ES;01/01/2024;31/12/2024;47.8;
30/10/2023;GDAES_D+1;PVB;ES;31/10/2023;31/10/2023;45.89;
30/10/2023;GMAES;PVB;ES;01/11/2023;30/11/2023;46.78;
30/10/2023;GQES_Q+1;PVB;ES;01/01/2024;31/03/2024;52.7;
30/10/2023;GYES_Y+1;PVB;ES;01/01/2024;31/12/2024;51.8;
29/10/2023;GDAES_D+1;PVB;ES;30/10/2023;30/10/2023;45.98;
28/10/2023;GDAES_D+1;PVB;ES;29/10/2023;29/10/2023;45.62;
27/10/2023;GDAES_D+1;PVB;ES;28/10/2023;28/10/2023;44.85;
27/10/2023;GMAES;PVB;ES;01/11/2023;30/11/2023;46.88;
27/10/2023;GQES_Q+1;PVB;ES;01/01/2024;31/03/2024;50.82;
27/10/2023;GYES_Y+1;PVB;ES;01/01/2024;31/12/2024;49.9;
26/10/2023;GDAES_D+1;PVB;ES;27/10/2023;27/10/2023;45.02;
26/10/2023;GMAES;PVB;ES;01/11/2023;30/11/2023;47.9;
26/10/2023;GQES_Q+1;PVB;ES;01/01/2024;31/03/2024;52.55;
26/10/2023;GYES_Y+1;PVB;ES;01/01/2024;31/12/2024;51.7;
25/10/2023;GDAES_D+1;PVB;ES;26/10/2023;26/10/2023;45.9;
25/10/2023;GMAES;PVB;ES;01/11/2023;30/11/2023;47.51;
25/10/2023;GQES_Q+1;PVB;ES;01/01/2024;31/03/2024;53.6;
25/10/2023;GYES_Y+1;PVB;ES;01/01/2024;31/12/2024;52.7;
24/10/2023;GDAES_D+1;PVB;ES;25/10/2023;25/10/2023;45.47;
24/10/2023;GMAES;PVB;ES;01/11/2023;30/11/2023;46.29;
24/10/2023;GQES_Q+1;PVB;ES;01/01/2024;31/03/2024;52.9;
24/10/2023;GYES_Y+1;PVB;ES;01/01/2024;31/12/2024;52.1;
23/10/2023;GDAES_D+1;PVB;ES;24/10/2023;24/10/2023;45.44;
23/10/2023;GMAES;PVB;ES;01/11/2023;30/11/2023;48.78;
23/10/2023;GQES_Q+1;PVB;ES;01/01/2024;31/03/2024;55.2;
23/10/2023;GYES_Y+1;PVB;ES;01/01/2024;31/12/2024;55.6;
22/10/2023;GDAES_D+1;PVB;ES;23/10/2023;23/10/2023;48.49;
21/10/2023;GDAES_D+1;PVB;ES;22/10/2023;22/10/2023;44.18;
20/10/2023;GDAES_D+1;PVB;ES;21/10/2023;21/10/2023;44;
20/10/2023;GMAES;PVB;ES;01/11/2023;30/11/2023;46.98;
20/10/2023;GQES_Q+1;PVB;ES;01/01/2024;31/03/2024;55.45;
20/10/2023;GYES_Y+1;PVB;ES;01/01/2024;31/12/2024;54.4;
19/10/2023;GDAES_D+1;PVB;ES;20/10/2023;20/10/2023;40.59;
19/10/2023;GMAES;PVB;ES;01/11/2023;30/11/2023;47.49;
19/10/2023;GQES_Q+1;PVB;ES;01/01/2024;31/03/2024;55.4;
19/10/2023;GYES_Y+1;PVB;ES;01/01/2024;31/12/2024;54.6;
18/10/2023;GDAES_D+1;PVB;ES;19/10/2023;19/10/2023;42.96;
18/10/2023;GMAES;PVB;ES;01/11/2023;30/11/2023;47.5;
18/10/2023;GQES_Q+1;PVB;ES;01/01/2024;31/03/2024;55.35;
18/10/2023;GYES_Y+1;PVB;ES;01/01/2024;31/12/2024;54.35;
17/10/2023;GDAES_D+1;PVB;ES;18/10/2023;18/10/2023;41.56;
17/10/2023;GMAES;PVB;ES;01/11/2023;30/11/2023;46.43;
17/10/2023;GQES_Q+1;PVB;ES;01/01/2024;31/03/2024;53.75;
17/10/2023;GYES_Y+1;PVB;ES;01/01/2024;31/12/2024;52.55;
16/10/2023;GDAES_D+1;PVB;ES;17/10/2023;17/10/2023;45.14;
16/10/2023;GMAES;PVB;ES;01/11/2023;30/11/2023;46.23;
16/10/2023;GQES_Q+1;PVB;ES;01/01/2024;31/03/2024;51.56;
16/10/2023;GYES_Y+1;PVB;ES;01/01/2024;31/12/2024;50.84;
15/10/2023;GDAES_D+1;PVB;ES;16/10/2023;16/10/2023;52.56;
14/10/2023;GDAES_D+1;PVB;ES;15/10/2023;15/10/2023;51.9;
13/10/2023;GDAES_D+1;PVB;ES;14/10/2023;14/10/2023;51.34;
13/10/2023;GMAES;PVB;ES;01/11/2023;30/11/2023;52.76;
13/10/2023;GQES_Q+1;PVB;ES;01/01/2024;31/03/2024;55;
13/10/2023;GYES_Y+1;PVB;ES;01/01/2024;31/12/2024;54;
12/10/2023;GDAES_D+1;PVB;ES;13/10/2023;13/10/2023;48.49;
12/10/2023;GMAES;PVB;ES;01/11/2023;30/11/2023;51.55;
12/10/2023;GQES_Q+1;PVB;ES;01/01/2024;31/03/2024;54.91;
12/10/2023;GYES_Y+1;PVB;ES;01/01/2024;31/12/2024;54.25;
11/10/2023;GDAES_D+1;PVB;ES;12/10/2023;12/10/2023;44.55;
11/10/2023;GMAES;PVB;ES;01/11/2023;30/11/2023;44.43;
11/10/2023;GQES_Q+1;PVB;ES;01/01/2024;31/03/2024;50.1;
11/10/2023;GYES_Y+1;PVB;ES;01/01/2024;31/12/2024;49.65;
10/10/2023;GDAES_D+1;PVB;ES;11/10/2023;11/10/2023;46.6;
10/10/2023;GMAES;PVB;ES;01/11/2023;30/11/2023;47.7;
10/10/2023;GQES_Q+1;PVB;ES;01/01/2024;31/03/2024;51.65;
10/10/2023;GYES_Y+1;PVB;ES;01/01/2024;31/12/2024;50.68;
09/10/2023;GDAES_D+1;PVB;ES;10/10/2023;10/10/2023;41.38;
09/10/2023;GMAES;PVB;ES;01/11/2023;30/11/2023;41.16;
09/10/2023;GQES_Q+1;PVB;ES;01/01/2024;31/03/2024;47.55;
09/10/2023;GYES_Y+1;PVB;ES;01/01/2024;31/12/2024;47.12;
08/10/2023;GDAES_D+1;PVB;ES;09/10/2023;09/10/2023;38.43;
07/10/2023;GDAES_D+1;PVB;ES;08/10/2023;08/10/2023;36.78;
06/10/2023;GDAES_D+1;PVB;ES;07/10/2023;07/10/2023;34.5;
06/10/2023;GMAES;PVB;ES;01/11/2023;30/11/2023;37.2;
06/10/2023;GQES_Q+1;PVB;ES;01/01/2024;31/03/2024;44.4;
06/10/2023;GYES_Y+1;PVB;ES;01/01/2024;31/12/2024;44.25;
05/10/2023;GDAES_D+1;PVB;ES;06/10/2023;06/10/2023;34.36;
05/10/2023;GMAES;PVB;ES;01/11/2023;30/11/2023;35.79;
05/10/2023;GQES_Q+1;PVB;ES;01/01/2024;31/03/2024;43;
05/10/2023;GYES_Y+1;PVB;ES;01/01/2024;31/12/2024;43.1;
04/10/2023;GDAES_D+1;PVB;ES;05/10/2023;05/10/2023;34.95;
04/10/2023;GMAES;PVB;ES;01/11/2023;30/11/2023;37.21;
04/10/2023;GQES_Q+1;PVB;ES;01/01/2024;31/03/2024;44.4;
04/10/2023;GYES_Y+1;PVB;ES;01/01/2024;31/12/2024;44.3;
03/10/2023;GDAES_D+1;PVB;ES;04/10/2023;04/10/2023;33.32;
03/10/2023;GMAES;PVB;ES;01/11/2023;30/11/2023;36.85;
03/10/2023;GQES_Q+1;PVB;ES;01/01/2024;31/03/2024;43.45;
03/10/2023;GYES_Y+1;PVB;ES;01/01/2024;31/12/2024;43.3;
02/10/2023;GDAES_D+1;PVB;ES;03/10/2023;03/10/2023;36.46;
02/10/2023;GMAES;PVB;ES;01/11/2023;30/11/2023;38.36;
02/10/2023;GQES_Q+1;PVB;ES;01/01/2024;31/03/2024;45.23;
02/10/2023;GYES_Y+1;PVB;ES;01/01/2024;31/12/2024;44.85;
01/10/2023;GDAES_D+1;PVB;ES;02/10/2023;02/10/2023;41.28;
30/09/2023;GDAES_D+1;PVB;ES;01/10/2023;01/10/2023;38.44;
29/09/2023;GDAES_D+1;PVB;ES;30/09/2023;30/09/2023;37.95;
29/09/2023;GMAES;PVB;ES;01/10/2023;31/10/2023;37.5;
29/09/2023;GQES_Q+1;PVB;ES;01/10/2023;31/12/2023;42.22;
29/09/2023;GYES_Y+1;PVB;ES;01/01/2024;31/12/2024;46.14;
28/09/2023;GDAES_D+1;PVB;ES;29/09/2023;29/09/2023;39.93;
28/09/2023;GMAES;PVB;ES;01/10/2023;31/10/2023;39.96;
28/09/2023;GQES_Q+1;PVB;ES;01/10/2023;31/12/2023;42.22;
28/09/2023;GYES_Y+1;PVB;ES;01/01/2024;31/12/2024;46.11;
27/09/2023;GDAES_D+1;PVB;ES;28/09/2023;28/09/2023;39.52;
27/09/2023;GMAES;PVB;ES;01/10/2023;31/10/2023;39.2;
27/09/2023;GQES_Q+1;PVB;ES;01/10/2023;31/12/2023;42.5;
27/09/2023;GYES_Y+1;PVB;ES;01/01/2024;31/12/2024;47.3;
26/09/2023;GDAES_D+1;PVB;ES;27/09/2023;27/09/2023;40.03;
26/09/2023;GMAES;PVB;ES;01/10/2023;31/10/2023;40;
26/09/2023;GQES_Q+1;PVB;ES;01/10/2023;31/12/2023;43.1;
26/09/2023;GYES_Y+1;PVB;ES;01/01/2024;31/12/2024;46.8;
25/09/2023;GDAES_D+1;PVB;ES;26/09/2023;26/09/2023;44.81;
25/09/2023;GMAES;PVB;ES;01/10/2023;31/10/2023;44.15;
25/09/2023;GQES_Q+1;PVB;ES;01/10/2023;31/12/2023;46.87;
25/09/2023;GYES_Y+1;PVB;ES;01/01/2024;31/12/2024;50.3;
24/09/2023;GDAES_D+1;PVB;ES;25/09/2023;25/09/2023;41.11;
23/09/2023;GDAES_D+1;PVB;ES;24/09/2023;24/09/2023;41.18;
22/09/2023;GDAES_D+1;PVB;ES;23/09/2023;23/09/2023;40.28;
22/09/2023;GMAES;PVB;ES;01/10/2023;31/10/2023;40.08;
22/09/2023;GQES_Q+1;PVB;ES;01/10/2023;31/12/2023;42.45;
22/09/2023;GYES_Y+1;PVB;ES;01/01/2024;31/12/2024;48.45;
21/09/2023;GDAES_D+1;PVB;ES;22/09/2023;22/09/2023;38.76;
21/09/2023;GMAES;PVB;ES;01/10/2023;31/10/2023;38.6;
21/09/2023;GQES_Q+1;PVB;ES;01/10/2023;31/12/2023;41.85;
21/09/2023;GYES_Y+1;PVB;ES;01/01/2024;31/12/2024;48.25;
20/09/2023;GDAES_D+1;PVB;ES;21/09/2023;21/09/2023;37.67;
20/09/2023;GMAES;PVB;ES;01/10/2023;31/10/2023;37.39;
20/09/2023;GQES_Q+1;PVB;ES;01/10/2023;31/12/2023;41.25;
20/09/2023;GYES_Y+1;PVB;ES;01/01/2024;31/12/2024;48.45;
19/09/2023;GDAES_D+1;PVB;ES;20/09/2023;20/09/2023;37.7;
19/09/2023;GMAES;PVB;ES;01/10/2023;31/10/2023;37.18;
19/09/2023;GQES_Q+1;PVB;ES;01/10/2023;31/12/2023;42.05;
19/09/2023;GYES_Y+1;PVB;ES;01/01/2024;31/12/2024;49.65;
18/09/2023;GDAES_D+1;PVB;ES;19/09/2023;19/09/2023;35.64;
18/09/2023;GMAES;PVB;ES;01/10/2023;31/10/2023;34.4;
18/09/2023;GQES_Q+1;PVB;ES;01/10/2023;31/12/2023;40.2;
18/09/2023;GYES_Y+1;PVB;ES;01/01/2024;31/12/2024;48.7;
17/09/2023;GDAES_D+1;PVB;ES;18/09/2023;18/09/2023;36.78;
16/09/2023;GDAES_D+1;PVB;ES;17/09/2023;17/09/2023;38.03;
15/09/2023;GDAES_D+1;PVB;ES;16/09/2023;16/09/2023;36.66;
15/09/2023;GMAES;PVB;ES;01/10/2023;31/10/2023;36.03;
15/09/2023;GQES_Q+1;PVB;ES;01/10/2023;31/12/2023;42.81;
15/09/2023;GYES_Y+1;PVB;ES;01/01/2024;31/12/2024;50.05;
14/09/2023;GDAES_D+1;PVB;ES;15/09/2023;15/09/2023;36.1;
14/09/2023;GMAES;PVB;ES;01/10/2023;31/10/2023;35.3;
14/09/2023;GQES_Q+1;PVB;ES;01/10/2023;31/12/2023;41.85;
14/09/2023;GYES_Y+1;PVB;ES;01/01/2024;31/12/2024;50.25;
13/09/2023;GDAES_D+1;PVB;ES;14/09/2023;14/09/2023;36.89;
13/09/2023;GMAES;PVB;ES;01/10/2023;31/10/2023;36.77;
13/09/2023;GQES_Q+1;PVB;ES;01/10/2023;31/12/2023;43.65;
13/09/2023;GYES_Y+1;PVB;ES;01/01/2024;31/12/2024;51.05;
12/09/2023;GDAES_D+1;PVB;ES;13/09/2023;13/09/2023;35.19;
12/09/2023;GMAES;PVB;ES;01/10/2023;31/10/2023;35.08;
12/09/2023;GQES_Q+1;PVB;ES;01/10/2023;31/12/2023;41.45;
12/09/2023;GYES_Y+1;PVB;ES;01/01/2024;31/12/2024;49.65;
11/09/2023;GDAES_D+1;PVB;ES;12/09/2023;12/09/2023;36.96;
11/09/2023;GMAES;PVB;ES;01/10/2023;31/10/2023;37.1;
11/09/2023;GQES_Q+1;PVB;ES;01/10/2023;31/12/2023;43;
11/09/2023;GYES_Y+1;PVB;ES;01/01/2024;31/12/2024;50.4;
10/09/2023;GDAES_D+1;PVB;ES;11/09/2023;11/09/2023;39.13;
09/09/2023;GDAES_D+1;PVB;ES;10/09/2023;10/09/2023;36.13;
08/09/2023;GDAES_D+1;PVB;ES;09/09/2023;09/09/2023;34.5;
08/09/2023;GMAES;PVB;ES;01/10/2023;31/10/2023;35.2;
08/09/2023;GQES_Q+1;PVB;ES;01/10/2023;31/12/2023;41.65;
08/09/2023;GYES_Y+1;PVB;ES;01/01/2024;31/12/2024;49.43;
07/09/2023;GDAES_D+1;PVB;ES;08/09/2023;08/09/2023;31.78;
07/09/2023;GMAES;PVB;ES;01/10/2023;31/10/2023;33.44;
07/09/2023;GQES_Q+1;PVB;ES;01/10/2023;31/12/2023;40.7;
07/09/2023;GYES_Y+1;PVB;ES;01/01/2024;31/12/2024;49.7;
06/09/2023;GDAES_D+1;PVB;ES;07/09/2023;07/09/2023;31.67;
06/09/2023;GMAES;PVB;ES;01/10/2023;31/10/2023;32.24;
06/09/2023;GQES_Q+1;PVB;ES;01/10/2023;31/12/2023;39.53;
06/09/2023;GYES_Y+1;PVB;ES;01/01/2024;31/12/2024;50.1;
05/09/2023;GDAES_D+1;PVB;ES;06/09/2023;06/09/2023;34.58;
05/09/2023;GMAES;PVB;ES;01/10/2023;31/10/2023;34.05;
05/09/2023;GQES_Q+1;PVB;ES;01/10/2023;31/12/2023;42.7;
05/09/2023;GYES_Y+1;PVB;ES;01/01/2024;31/12/2024;51.3;
04/09/2023;GDAES_D+1;PVB;ES;05/09/2023;05/09/2023;33.04;
04/09/2023;GMAES;PVB;ES;01/10/2023;31/10/2023;33.6;
04/09/2023;GQES_Q+1;PVB;ES;01/10/2023;31/12/2023;41.34;
04/09/2023;GYES_Y+1;PVB;ES;01/01/2024;31/12/2024;50.07;
03/09/2023;GDAES_D+1;PVB;ES;04/09/2023;04/09/2023;33.62;
02/09/2023;GDAES_D+1;PVB;ES;03/09/2023;03/09/2023;33.39;
01/09/2023;GDAES_D+1;PVB;ES;02/09/2023;02/09/2023;34.51;
01/09/2023;GMAES;PVB;ES;01/10/2023;31/10/2023;34.65;
01/09/2023;GQES_Q+1;PVB;ES;01/10/2023;31/12/2023;42.3;
01/09/2023;GYES_Y+1;PVB;ES;01/01/2024;31/12/2024;51.1;
31/08/2023;GDAES_D+1;PVB;ES;01/09/2023;01/09/2023;34.48;
31/08/2023;GMAES;PVB;ES;01/09/2023;30/09/2023;33.59;
31/08/2023;GQES_Q+1;PVB;ES;01/10/2023;31/12/2023;42.65;
31/08/2023;GYES_Y+1;PVB;ES;01/01/2024;31/12/2024;52;
30/08/2023;GDAES_D+1;PVB;ES;31/08/2023;31/08/2023;36.69;
30/08/2023;GMAES;PVB;ES;01/09/2023;30/09/2023;35.63;
30/08/2023;GQES_Q+1;PVB;ES;01/10/2023;31/12/2023;45.33;
30/08/2023;GYES_Y+1;PVB;ES;01/01/2024;31/12/2024;52.5;
29/08/2023;GDAES_D+1;PVB;ES;30/08/2023;30/08/2023;35.63;
29/08/2023;GMAES;PVB;ES;01/09/2023;30/09/2023;35.46;
29/08/2023;GQES_Q+1;PVB;ES;01/10/2023;31/12/2023;44.5;
29/08/2023;GYES_Y+1;PVB;ES;01/01/2024;31/12/2024;51.15;
28/08/2023;GDAES_D+1;PVB;ES;29/08/2023;29/08/2023;37.94;
28/08/2023;GMAES;PVB;ES;01/09/2023;30/09/2023;38.11;
28/08/2023;GQES_Q+1;PVB;ES;01/10/2023;31/12/2023;47.2;
28/08/2023;GYES_Y+1;PVB;ES;01/01/2024;31/12/2024;53.18;
27/08/2023;GDAES_D+1;PVB;ES;28/08/2023;28/08/2023;34.75;
26/08/2023;GDAES_D+1;PVB;ES;27/08/2023;27/08/2023;34.66;
25/08/2023;GDAES_D+1;PVB;ES;26/08/2023;26/08/2023;35;
25/08/2023;GMAES;PVB;ES;01/09/2023;30/09/2023;35.01;
25/08/2023;GQES_Q+1;PVB;ES;01/10/2023;31/12/2023;44.3;
25/08/2023;GYES_Y+1;PVB;ES;01/01/2024;31/12/2024;50.61;
24/08/2023;GDAES_D+1;PVB;ES;25/08/2023;25/08/2023;31.51;
24/08/2023;GMAES;PVB;ES;01/09/2023;30/09/2023;31.88;
24/08/2023;GQES_Q+1;PVB;ES;01/10/2023;31/12/2023;44.65;
24/08/2023;GYES_Y+1;PVB;ES;01/01/2024;31/12/2024;49.18;
23/08/2023;GDAES_D+1;PVB;ES;24/08/2023;24/08/2023;36.8;
23/08/2023;GMAES;PVB;ES;01/09/2023;30/09/2023;36.9;
23/08/2023;GQES_Q+1;PVB;ES;01/10/2023;31/12/2023;48;
23/08/2023;GYES_Y+1;PVB;ES;01/01/2024;31/12/2024;54.18;
22/08/2023;GDAES_D+1;PVB;ES;23/08/2023;23/08/2023;43.93;
22/08/2023;GMAES;PVB;ES;01/09/2023;30/09/2023;43.04;
22/08/2023;GQES_Q+1;PVB;ES;01/10/2023;31/12/2023;52.8;
22/08/2023;GYES_Y+1;PVB;ES;01/01/2024;31/12/2024;55.99;
21/08/2023;GDAES_D+1;PVB;ES;22/08/2023;22/08/2023;40;
21/08/2023;GMAES;PVB;ES;01/09/2023;30/09/2023;39.96;
21/08/2023;GQES_Q+1;PVB;ES;01/10/2023;31/12/2023;50.8;
21/08/2023;GYES_Y+1;PVB;ES;01/01/2024;31/12/2024;55.2;
20/08/2023;GDAES_D+1;PVB;ES;21/08/2023;21/08/2023;40.95;
19/08/2023;GDAES_D+1;PVB;ES;20/08/2023;20/08/2023;37.45;
18/08/2023;GDAES_D+1;PVB;ES;19/08/2023;19/08/2023;35.08;
18/08/2023;GMAES;PVB;ES;01/09/2023;30/09/2023;36.36;
18/08/2023;GQES_Q+1;PVB;ES;01/10/2023;31/12/2023;48.73;
18/08/2023;GYES_Y+1;PVB;ES;01/01/2024;31/12/2024;53.24;
17/08/2023;GDAES_D+1;PVB;ES;18/08/2023;18/08/2023;35.55;
17/08/2023;GMAES;PVB;ES;01/09/2023;30/09/2023;36.44;
17/08/2023;GQES_Q+1;PVB;ES;01/10/2023;31/12/2023;46.19;
17/08/2023;GYES_Y+1;PVB;ES;01/01/2024;31/12/2024;52.81;
16/08/2023;GDAES_D+1;PVB;ES;17/08/2023;17/08/2023;36.87;
16/08/2023;GMAES;PVB;ES;01/09/2023;30/09/2023;37.6;
16/08/2023;GQES_Q+1;PVB;ES;01/10/2023;31/12/2023;48.67;
16/08/2023;GYES_Y+1;PVB;ES;01/01/2024;31/12/2024;53.5;
15/08/2023;GDAES_D+1;PVB;ES;16/08/2023;16/08/2023;35.81;
15/08/2023;GMAES;PVB;ES;01/09/2023;30/09/2023;39;
15/08/2023;GQES_Q+1;PVB;ES;01/10/2023;31/12/2023;49.18;
15/08/2023;GYES_Y+1;PVB;ES;01/01/2024;31/12/2024;53.59;
14/08/2023;GDAES_D+1;PVB;ES;15/08/2023;15/08/2023;31.87;
14/08/2023;GMAES;PVB;ES;01/09/2023;30/09/2023;34.5;
14/08/2023;GQES_Q+1;PVB;ES;01/10/2023;31/12/2023;44.63;
14/08/2023;GYES_Y+1;PVB;ES;01/01/2024;31/12/2024;50.31;
13/08/2023;GDAES_D+1;PVB;ES;14/08/2023;14/08/2023;33.38;
12/08/2023;GDAES_D+1;PVB;ES;13/08/2023;13/08/2023;32.25;
11/08/2023;GDAES_D+1;PVB;ES;12/08/2023;12/08/2023;33.37;
11/08/2023;GMAES;PVB;ES;01/09/2023;30/09/2023;34.96;
11/08/2023;GQES_Q+1;PVB;ES;01/10/2023;31/12/2023;44.6;
11/08/2023;GYES_Y+1;PVB;ES;01/01/2024;31/12/2024;50.03;
10/08/2023;GDAES_D+1;PVB;ES;11/08/2023;11/08/2023;36.54;
10/08/2023;GMAES;PVB;ES;01/09/2023;30/09/2023;36.76;
10/08/2023;GQES_Q+1;PVB;ES;01/10/2023;31/12/2023;44.75;
10/08/2023;GYES_Y+1;PVB;ES;01/01/2024;31/12/2024;49.98;
09/08/2023;GDAES_D+1;PVB;ES;10/08/2023;10/08/2023;38.54;
09/08/2023;GMAES;PVB;ES;01/09/2023;30/09/2023;38.42;
09/08/2023;GQES_Q+1;PVB;ES;01/10/2023;31/12/2023;46.74;
09/08/2023;GYES_Y+1;PVB;ES;01/01/2024;31/12/2024;51.39;
08/08/2023;GDAES_D+1;PVB;ES;09/08/2023;09/08/2023;29.94;
08/08/2023;GMAES;PVB;ES;01/09/2023;30/09/2023;31.32;
08/08/2023;GQES_Q+1;PVB;ES;01/10/2023;31/12/2023;41.44;
08/08/2023;GYES_Y+1;PVB;ES;01/01/2024;31/12/2024;48.77;
07/08/2023;GDAES_D+1;PVB;ES;08/08/2023;08/08/2023;29.46;
07/08/2023;GMAES;PVB;ES;01/09/2023;30/09/2023;30.33;
07/08/2023;GQES_Q+1;PVB;ES;01/10/2023;31/12/2023;41.28;
07/08/2023;GYES_Y+1;PVB;ES;01/01/2024;31/12/2024;48.73;
06/08/2023;GDAES_D+1;PVB;ES;07/08/2023;07/08/2023;28.07;
05/08/2023;GDAES_D+1;PVB;ES;06/08/2023;06/08/2023;29.15;
04/08/2023;GDAES_D+1;PVB;ES;05/08/2023;05/08/2023;28.26;
04/08/2023;GMAES;PVB;ES;01/09/2023;30/09/2023;29.15;
04/08/2023;GQES_Q+1;PVB;ES;01/10/2023;31/12/2023;39.85;
04/08/2023;GYES_Y+1;PVB;ES;01/01/2024;31/12/2024;47.88;
03/08/2023;GDAES_D+1;PVB;ES;04/08/2023;04/08/2023;29.67;
03/08/2023;GMAES;PVB;ES;01/09/2023;30/09/2023;30.48;
03/08/2023;GQES_Q+1;PVB;ES;01/10/2023;31/12/2023;40.39;
03/08/2023;GYES_Y+1;PVB;ES;01/01/2024;31/12/2024;48.08;
02/08/2023;GDAES_D+1;PVB;ES;03/08/2023;03/08/2023;27.24;
02/08/2023;GMAES;PVB;ES;01/09/2023;30/09/2023;28.96;
02/08/2023;GQES_Q+1;PVB;ES;01/10/2023;31/12/2023;40.38;
02/08/2023;GYES_Y+1;PVB;ES;01/01/2024;31/12/2024;48.1;
01/08/2023;GDAES_D+1;PVB;ES;02/08/2023;02/08/2023;26.42;
01/08/2023;GMAES;PVB;ES;01/09/2023;30/09/2023;27.61;
01/08/2023;GQES_Q+1;PVB;ES;01/10/2023;31/12/2023;40.26;
01/08/2023;GYES_Y+1;PVB;ES;01/01/2024;31/12/2024;48.45;
31/07/2023;GDAES_D+1;PVB;ES;01/08/2023;01/08/2023;26.74;
31/07/2023;GMAES;PVB;ES;01/08/2023;31/08/2023;26.7;
31/07/2023;GQES_Q+1;PVB;ES;01/10/2023;31/12/2023;41.47;
31/07/2023;GYES_Y+1;PVB;ES;01/01/2024;31/12/2024;50.03;
30/07/2023;GDAES_D+1;PVB;ES;31/07/2023;31/07/2023;24.8;
29/07/2023;GDAES_D+1;PVB;ES;30/07/2023;30/07/2023;24.03;
28/07/2023;GDAES_D+1;PVB;ES;29/07/2023;29/07/2023;25.9;
28/07/2023;GMAES;PVB;ES;01/08/2023;31/08/2023;26.01;
28/07/2023;GQES_Q+1;PVB;ES;01/10/2023;31/12/2023;40.28;
28/07/2023;GYES_Y+1;PVB;ES;01/01/2024;31/12/2024;48.88;
27/07/2023;GDAES_D+1;PVB;ES;28/07/2023;28/07/2023;27.65;
27/07/2023;GMAES;PVB;ES;01/08/2023;31/08/2023;28.27;
27/07/2023;GQES_Q+1;PVB;ES;01/10/2023;31/12/2023;43.4;
27/07/2023;GYES_Y+1;PVB;ES;01/01/2024;31/12/2024;50.94;
26/07/2023;GDAES_D+1;PVB;ES;27/07/2023;27/07/2023;28.59;
26/07/2023;GMAES;PVB;ES;01/08/2023;31/08/2023;28.76;
26/07/2023;GQES_Q+1;PVB;ES;01/10/2023;31/12/2023;43.21;
26/07/2023;GYES_Y+1;PVB;ES;01/01/2024;31/12/2024;50.89;
25/07/2023;GDAES_D+1;PVB;ES;26/07/2023;26/07/2023;32.14;
25/07/2023;GMAES;PVB;ES;01/08/2023;31/08/2023;32.11;
25/07/2023;GQES_Q+1;PVB;ES;01/10/2023;31/12/2023;46.99;
25/07/2023;GYES_Y+1;PVB;ES;01/01/2024;31/12/2024;54.29;
24/07/2023;GDAES_D+1;PVB;ES;25/07/2023;25/07/2023;29.75;
24/07/2023;GMAES;PVB;ES;01/08/2023;31/08/2023;30.13;
24/07/2023;GQES_Q+1;PVB;ES;01/10/2023;31/12/2023;44.49;
24/07/2023;GYES_Y+1;PVB;ES;01/01/2024;31/12/2024;51.9;
23/07/2023;GDAES_D+1;PVB;ES;24/07/2023;24/07/2023;28.15;
22/07/2023;GDAES_D+1;PVB;ES;23/07/2023;23/07/2023;28.5;
21/07/2023;GDAES_D+1;PVB;ES;22/07/2023;22/07/2023;28.62;
21/07/2023;GMAES;PVB;ES;01/08/2023;31/08/2023;27.28;
21/07/2023;GQES_Q+1;PVB;ES;01/10/2023;31/12/2023;43.18;
21/07/2023;GYES_Y+1;PVB;ES;01/01/2024;31/12/2024;50.81;
20/07/2023;GDAES_D+1;PVB;ES;21/07/2023;21/07/2023;29;
20/07/2023;GMAES;PVB;ES;01/08/2023;31/08/2023;28.9;
20/07/2023;GQES_Q+1;PVB;ES;01/10/2023;31/12/2023;43.68;
20/07/2023;GYES_Y+1;PVB;ES;01/01/2024;31/12/2024;52.11;
19/07/2023;GDAES_D+1;PVB;ES;20/07/2023;20/07/2023;30.01;
19/07/2023;GMAES;PVB;ES;01/08/2023;31/08/2023;26.75;
19/07/2023;GQES_Q+1;PVB;ES;01/10/2023;31/12/2023;42.9;
19/07/2023;GYES_Y+1;PVB;ES;01/01/2024;31/12/2024;50.05;
18/07/2023;GDAES_D+1;PVB;ES;19/07/2023;19/07/2023;29.85;
18/07/2023;GMAES;PVB;ES;01/08/2023;31/08/2023;27.71;
18/07/2023;GQES_Q+1;PVB;ES;01/10/2023;31/12/2023;42.95;
18/07/2023;GYES_Y+1;PVB;ES;01/01/2024;31/12/2024;49.65;
17/07/2023;GDAES_D+1;PVB;ES;18/07/2023;18/07/2023;26.15;
17/07/2023;GMAES;PVB;ES;01/08/2023;31/08/2023;25.78;
17/07/2023;GQES_Q+1;PVB;ES;01/10/2023;31/12/2023;41.25;
17/07/2023;GYES_Y+1;PVB;ES;01/01/2024;31/12/2024;47.45;
16/07/2023;GDAES_D+1;PVB;ES;17/07/2023;17/07/2023;40;
15/07/2023;GDAES_D+1;PVB;ES;16/07/2023;16/07/2023;25.46;
14/07/2023;GDAES_D+1;PVB;ES;15/07/2023;15/07/2023;24.68;
14/07/2023;GMAES;PVB;ES;01/08/2023;31/08/2023;25.21;
14/07/2023;GQES_Q+1;PVB;ES;01/10/2023;31/12/2023;40.33;
14/07/2023;GYES_Y+1;PVB;ES;01/01/2024;31/12/2024;46.91;
13/07/2023;GDAES_D+1;PVB;ES;14/07/2023;14/07/2023;28.44;
13/07/2023;GMAES;PVB;ES;01/08/2023;31/08/2023;27.18;
13/07/2023;GQES_Q+1;PVB;ES;01/10/2023;31/12/2023;40.95;
13/07/2023;GYES_Y+1;PVB;ES;01/01/2024;31/12/2024;47.25;
12/07/2023;GDAES_D+1;PVB;ES;13/07/2023;13/07/2023;28.9;
12/07/2023;GMAES;PVB;ES;01/08/2023;31/08/2023;26.98;
12/07/2023;GQES_Q+1;PVB;ES;01/10/2023;31/12/2023;39.65;
12/07/2023;GYES_Y+1;PVB;ES;01/01/2024;31/12/2024;46.45;
11/07/2023;GDAES_D+1;PVB;ES;12/07/2023;12/07/2023;29.98;
11/07/2023;GMAES;PVB;ES;01/08/2023;31/08/2023;28.63;
11/07/2023;GQES_Q+1;PVB;ES;01/10/2023;31/12/2023;41.35;
11/07/2023;GYES_Y+1;PVB;ES;01/01/2024;31/12/2024;47.95;
10/07/2023;GDAES_D+1;PVB;ES;11/07/2023;11/07/2023;31.52;
10/07/2023;GMAES;PVB;ES;01/08/2023;31/08/2023;29.35;
10/07/2023;GQES_Q+1;PVB;ES;01/10/2023;31/12/2023;42.8;
10/07/2023;GYES_Y+1;PVB;ES;01/01/2024;31/12/2024;47.95;
09/07/2023;GDAES_D+1;PVB;ES;10/07/2023;10/07/2023;34.27;
08/07/2023;GDAES_D+1;PVB;ES;09/07/2023;09/07/2023;32.77;
07/07/2023;GDAES_D+1;PVB;ES;08/07/2023;08/07/2023;32.06;
07/07/2023;GMAES;PVB;ES;01/08/2023;31/08/2023;32.63;
07/07/2023;GQES_Q+1;PVB;ES;01/10/2023;31/12/2023;46.24;
07/07/2023;GYES_Y+1;PVB;ES;01/01/2024;31/12/2024;52.95;
06/07/2023;GDAES_D+1;PVB;ES;07/07/2023;07/07/2023;31.65;
06/07/2023;GMAES;PVB;ES;01/08/2023;31/08/2023;32.11;
06/07/2023;GQES_Q+1;PVB;ES;01/10/2023;31/12/2023;44.62;
06/07/2023;GYES_Y+1;PVB;ES;01/01/2024;31/12/2024;50.97;
05/07/2023;GDAES_D+1;PVB;ES;06/07/2023;06/07/2023;34.61;
05/07/2023;GMAES;PVB;ES;01/08/2023;31/08/2023;34;
05/07/2023;GQES_Q+1;PVB;ES;01/10/2023;31/12/2023;45.5;
05/07/2023;GYES_Y+1;PVB;ES;01/01/2024;31/12/2024;50.88;
04/07/2023;GDAES_D+1;PVB;ES;05/07/2023;05/07/2023;34.48;
04/07/2023;GMAES;PVB;ES;01/08/2023;31/08/2023;34.5;
04/07/2023;GQES_Q+1;PVB;ES;01/10/2023;31/12/2023;45.32;
04/07/2023;GYES_Y+1;PVB;ES;01/01/2024;31/12/2024;50.4;
03/07/2023;GDAES_D+1;PVB;ES;04/07/2023;04/07/2023;34.51;
03/07/2023;GMAES;PVB;ES;01/08/2023;31/08/2023;33.07;
03/07/2023;GQES_Q+1;PVB;ES;01/10/2023;31/12/2023;45;
03/07/2023;GYES_Y+1;PVB;ES;01/01/2024;31/12/2024;48.6;
02/07/2023;GDAES_D+1;PVB;ES;03/07/2023;03/07/2023;37.96;
01/07/2023;GDAES_D+1;PVB;ES;02/07/2023;02/07/2023;37.17;
30/06/2023;GDAES_D+1;PVB;ES;01/07/2023;01/07/2023;35.5;
30/06/2023;GMAES;PVB;ES;01/07/2023;31/07/2023;35;
30/06/2023;GYES_Y+1;PVB;ES;01/01/2024;31/12/2024;49.13;
29/06/2023;GDAES_D+1;PVB;ES;30/06/2023;30/06/2023;32.52;
29/06/2023;GMAES;PVB;ES;01/07/2023;31/07/2023;34.37;
29/06/2023;GQES_Q+1;PVB;ES;01/07/2023;30/09/2023;34.2;
29/06/2023;GYES_Y+1;PVB;ES;01/01/2024;31/12/2024;48.95;
28/06/2023;GDAES_D+1;PVB;ES;29/06/2023;29/06/2023;33.25;
28/06/2023;GMAES;PVB;ES;01/07/2023;31/07/2023;32.89;
28/06/2023;GQES_Q+1;PVB;ES;01/07/2023;30/09/2023;33.8;
28/06/2023;GYES_Y+1;PVB;ES;01/01/2024;31/12/2024;48.29;
27/06/2023;GDAES_D+1;PVB;ES;28/06/2023;28/06/2023;33.78;
27/06/2023;GMAES;PVB;ES;01/07/2023;31/07/2023;33.69;
27/06/2023;GQES_Q+1;PVB;ES;01/07/2023;30/09/2023;34.14;
27/06/2023;GYES_Y+1;PVB;ES;01/01/2024;31/12/2024;49.14;
26/06/2023;GDAES_D+1;PVB;ES;27/06/2023;27/06/2023;30.96;
26/06/2023;GMAES;PVB;ES;01/07/2023;31/07/2023;30.9;
26/06/2023;GQES_Q+1;PVB;ES;01/07/2023;30/09/2023;32.16;
26/06/2023;GYES_Y+1;PVB;ES;01/01/2024;31/12/2024;48.25;
25/06/2023;GDAES_D+1;PVB;ES;26/06/2023;26/06/2023;32.15;
24/06/2023;GDAES_D+1;PVB;ES;25/06/2023;25/06/2023;32.23;
23/06/2023;GDAES_D+1;PVB;ES;24/06/2023;24/06/2023;30.73;
23/06/2023;GMAES;PVB;ES;01/07/2023;31/07/2023;32.5;
23/06/2023;GQES_Q+1;PVB;ES;01/07/2023;30/09/2023;33.15;
23/06/2023;GYES_Y+1;PVB;ES;01/01/2024;31/12/2024;48.88;
22/06/2023;GDAES_D+1;PVB;ES;23/06/2023;23/06/2023;34.34;
22/06/2023;GMAES;PVB;ES;01/07/2023;31/07/2023;33.34;
22/06/2023;GQES_Q+1;PVB;ES;01/07/2023;30/09/2023;35.12;
22/06/2023;GYES_Y+1;PVB;ES;01/01/2024;31/12/2024;49.81;
21/06/2023;GDAES_D+1;PVB;ES;22/06/2023;22/06/2023;38.67;
21/06/2023;GMAES;PVB;ES;01/07/2023;31/07/2023;36.63;
21/06/2023;GQES_Q+1;PVB;ES;01/07/2023;30/09/2023;36.9;
21/06/2023;GYES_Y+1;PVB;ES;01/01/2024;31/12/2024;50.82;
20/06/2023;GDAES_D+1;PVB;ES;21/06/2023;21/06/2023;38.93;
20/06/2023;GMAES;PVB;ES;01/07/2023;31/07/2023;37;
20/06/2023;GQES_Q+1;PVB;ES;01/07/2023;30/09/2023;37.26;
20/06/2023;GYES_Y+1;PVB;ES;01/01/2024;31/12/2024;51.45;
19/06/2023;GDAES_D+1;PVB;ES;20/06/2023;20/06/2023;35.31;
19/06/2023;GMAES;PVB;ES;01/07/2023;31/07/2023;33.58;
19/06/2023;GQES_Q+1;PVB;ES;01/07/2023;30/09/2023;34.85;
19/06/2023;GYES_Y+1;PVB;ES;01/01/2024;31/12/2024;48.8;
18/06/2023;GDAES_D+1;PVB;ES;19/06/2023;19/06/2023;34.15;
17/06/2023;GDAES_D+1;PVB;ES;18/06/2023;18/06/2023;34.27;
16/06/2023;GDAES_D+1;PVB;ES;17/06/2023;17/06/2023;34.86;
16/06/2023;GMAES;PVB;ES;01/07/2023;31/07/2023;33.5;
16/06/2023;GQES_Q+1;PVB;ES;01/07/2023;30/09/2023;33.8;
16/06/2023;GYES_Y+1;PVB;ES;01/01/2024;31/12/2024;48.87;
15/06/2023;GDAES_D+1;PVB;ES;16/06/2023;16/06/2023;39.88;
15/06/2023;GMAES;PVB;ES;01/07/2023;31/07/2023;39.4;
15/06/2023;GQES_Q+1;PVB;ES;01/07/2023;30/09/2023;40.09;
15/06/2023;GYES_Y+1;PVB;ES;01/01/2024;31/12/2024;54.5;
14/06/2023;GDAES_D+1;PVB;ES;15/06/2023;15/06/2023;39.5;
14/06/2023;GMAES;PVB;ES;01/07/2023;31/07/2023;36.5;
14/06/2023;GQES_Q+1;PVB;ES;01/07/2023;30/09/2023;37.2;
14/06/2023;GYES_Y+1;PVB;ES;01/01/2024;31/12/2024;50.4;
13/06/2023;GDAES_D+1;PVB;ES;14/06/2023;14/06/2023;34.99;
13/06/2023;GMAES;PVB;ES;01/07/2023;31/07/2023;34.26;
13/06/2023;GQES_Q+1;PVB;ES;01/07/2023;30/09/2023;35.25;
13/06/2023;GYES_Y+1;PVB;ES;01/01/2024;31/12/2024;47.39;
12/06/2023;GDAES_D+1;PVB;ES;13/06/2023;13/06/2023;29.03;
12/06/2023;GMAES;PVB;ES;01/07/2023;31/07/2023;29.82;
12/06/2023;GQES_Q+1;PVB;ES;01/07/2023;30/09/2023;31.01;
12/06/2023;GYES_Y+1;PVB;ES;01/01/2024;31/12/2024;44.4;
11/06/2023;GDAES_D+1;PVB;ES;12/06/2023;12/06/2023;28.83;
10/06/2023;GDAES_D+1;PVB;ES;11/06/2023;11/06/2023;24.94;
09/06/2023;GDAES_D+1;PVB;ES;10/06/2023;10/06/2023;26.93;
09/06/2023;GMAES;PVB;ES;01/07/2023;31/07/2023;29.55;
09/06/2023;GQES_Q+1;PVB;ES;01/07/2023;30/09/2023;31.01;
09/06/2023;GYES_Y+1;PVB;ES;01/01/2024;31/12/2024;44.83;
08/06/2023;GDAES_D+1;PVB;ES;09/06/2023;09/06/2023;26.36;
08/06/2023;GMAES;PVB;ES;01/07/2023;31/07/2023;26.5;
08/06/2023;GQES_Q+1;PVB;ES;01/07/2023;30/09/2023;27.65;
08/06/2023;GYES_Y+1;PVB;ES;01/01/2024;31/12/2024;41.58;
07/06/2023;GDAES_D+1;PVB;ES;08/06/2023;08/06/2023;26.1;
07/06/2023;GMAES;PVB;ES;01/07/2023;31/07/2023;25.68;
07/06/2023;GQES_Q+1;PVB;ES;01/07/2023;30/09/2023;26.6;
07/06/2023;GYES_Y+1;PVB;ES;01/01/2024;31/12/2024;40.3;
06/06/2023;GDAES_D+1;PVB;ES;07/06/2023;07/06/2023;24.68;
06/06/2023;GMAES;PVB;ES;01/07/2023;31/07/2023;25.2;
06/06/2023;GQES_Q+1;PVB;ES;01/07/2023;30/09/2023;26.88;
06/06/2023;GYES_Y+1;PVB;ES;01/01/2024;31/12/2024;40.85;
05/06/2023;GDAES_D+1;PVB;ES;06/06/2023;06/06/2023;27.84;
05/06/2023;GMAES;PVB;ES;01/07/2023;31/07/2023;27.98;
05/06/2023;GQES_Q+1;PVB;ES;01/07/2023;30/09/2023;29.32;
05/06/2023;GYES_Y+1;PVB;ES;01/01/2024;31/12/2024;42.47;
04/06/2023;GDAES_D+1;PVB;ES;05/06/2023;05/06/2023;24.61;
03/06/2023;GDAES_D+1;PVB;ES;04/06/2023;04/06/2023;23.84;
02/06/2023;GDAES_D+1;PVB;ES;03/06/2023;03/06/2023;23.96;
02/06/2023;GMAES;PVB;ES;01/07/2023;31/07/2023;23.24;
02/06/2023;GQES_Q+1;PVB;ES;01/07/2023;30/09/2023;25;
02/06/2023;GYES_Y+1;PVB;ES;01/01/2024;31/12/2024;41.35;
01/06/2023;GDAES_D+1;PVB;ES;02/06/2023;02/06/2023;24.28;
01/06/2023;GMAES;PVB;ES;01/07/2023;31/07/2023;22.82;
01/06/2023;GQES_Q+1;PVB;ES;01/07/2023;30/09/2023;25.25;
01/06/2023;GYES_Y+1;PVB;ES;01/01/2024;31/12/2024;41.03;
31/05/2023;GDAES_D+1;PVB;ES;01/06/2023;01/06/2023;26.1;
31/05/2023;GMAES;PVB;ES;01/06/2023;30/06/2023;26.01;
31/05/2023;GQES_Q+1;PVB;ES;01/07/2023;30/09/2023;27.4;
31/05/2023;GYES_Y+1;PVB;ES;01/01/2024;31/12/2024;42.32;
30/05/2023;GDAES_D+1;PVB;ES;31/05/2023;31/05/2023;25.07;
30/05/2023;GMAES;PVB;ES;01/06/2023;30/06/2023;25.04;
30/05/2023;GQES_Q+1;PVB;ES;01/07/2023;30/09/2023;26.85;
30/05/2023;GYES_Y+1;PVB;ES;01/01/2024;31/12/2024;41.91;
29/05/2023;GDAES_D+1;PVB;ES;30/05/2023;30/05/2023;27.28;
29/05/2023;GMAES;PVB;ES;01/06/2023;30/06/2023;25.68;
29/05/2023;GQES_Q+1;PVB;ES;01/07/2023;30/09/2023;25.83;
29/05/2023;GYES_Y+1;PVB;ES;01/01/2024;31/12/2024;41.76;
28/05/2023;GDAES_D+1;PVB;ES;29/05/2023;29/05/2023;28.68;
27/05/2023;GDAES_D+1;PVB;ES;28/05/2023;28/05/2023;27.74;
26/05/2023;GDAES_D+1;PVB;ES;27/05/2023;27/05/2023;25.04;
26/05/2023;GMAES;PVB;ES;01/06/2023;30/06/2023;23;
26/05/2023;GQES_Q+1;PVB;ES;01/07/2023;30/09/2023;25.84;
26/05/2023;GYES_Y+1;PVB;ES;01/01/2024;31/12/2024;42.09;
25/05/2023;GDAES_D+1;PVB;ES;26/05/2023;26/05/2023;23.78;
25/05/2023;GMAES;PVB;ES;01/06/2023;30/06/2023;24.43;
25/05/2023;GQES_Q+1;PVB;ES;01/07/2023;30/09/2023;26.04;
25/05/2023;GYES_Y+1;PVB;ES;01/01/2024;31/12/2024;43.3;
24/05/2023;GDAES_D+1;PVB;ES;25/05/2023;25/05/2023;25.8;
24/05/2023;GMAES;PVB;ES;01/06/2023;30/06/2023;26.2;
24/05/2023;GQES_Q+1;PVB;ES;01/07/2023;30/09/2023;28.95;
24/05/2023;GYES_Y+1;PVB;ES;01/01/2024;31/12/2024;46.72;
23/05/2023;GDAES_D+1;PVB;ES;24/05/2023;24/05/2023;27.75;
23/05/2023;GMAES;PVB;ES;01/06/2023;30/06/2023;27.04;
23/05/2023;GQES_Q+1;PVB;ES;01/07/2023;30/09/2023;28.74;
23/05/2023;GYES_Y+1;PVB;ES;01/01/2024;31/12/2024;46.91;
22/05/2023;GDAES_D+1;PVB;ES;23/05/2023;23/05/2023;27.58;
22/05/2023;GMAES;PVB;ES;01/06/2023;30/06/2023;27.22;
22/05/2023;GQES_Q+1;PVB;ES;01/07/2023;30/09/2023;28.91;
22/05/2023;GYES_Y+1;PVB;ES;01/01/2024;31/12/2024;46.83;
21/05/2023;GDAES_D+1;PVB;ES;22/05/2023;22/05/2023;28.94;
20/05/2023;GDAES_D+1;PVB;ES;21/05/2023;21/05/2023;27.93;
19/05/2023;GDAES_D+1;PVB;ES;20/05/2023;20/05/2023;26.8;
19/05/2023;GMAES;PVB;ES;01/06/2023;30/06/2023;26.9;
19/05/2023;GQES_Q+1;PVB;ES;01/07/2023;30/09/2023;29.12;
19/05/2023;GYES_Y+1;PVB;ES;01/01/2024;31/12/2024;46.5;
18/05/2023;GDAES_D+1;PVB;ES;19/05/2023;19/05/2023;25.67;
18/05/2023;GMAES;PVB;ES;01/06/2023;30/06/2023;26.9;
18/05/2023;GQES_Q+1;PVB;ES;01/07/2023;30/09/2023;28.71;
18/05/2023;GYES_Y+1;PVB;ES;01/01/2024;31/12/2024;45.86;
17/05/2023;GDAES_D+1;PVB;ES;18/05/2023;18/05/2023;26.6;
17/05/2023;GMAES;PVB;ES;01/06/2023;30/06/2023;28.35;
17/05/2023;GQES_Q+1;PVB;ES;01/07/2023;30/09/2023;30.38;
17/05/2023;GYES_Y+1;PVB;ES;01/01/2024;31/12/2024;47.29;
16/05/2023;GDAES_D+1;PVB;ES;17/05/2023;17/05/2023;26.6;
16/05/2023;GMAES;PVB;ES;01/06/2023;30/06/2023;28;
16/05/2023;GQES_Q+1;PVB;ES;01/07/2023;30/09/2023;30.11;
16/05/2023;GYES_Y+1;PVB;ES;01/01/2024;31/12/2024;45.3;
15/05/2023;GDAES_D+1;PVB;ES;16/05/2023;16/05/2023;25.2;
15/05/2023;GMAES;PVB;ES;01/06/2023;30/06/2023;27.65;
15/05/2023;GQES_Q+1;PVB;ES;01/07/2023;30/09/2023;30.35;
15/05/2023;GYES_Y+1;PVB;ES;01/01/2024;31/12/2024;47.22;
14/05/2023;GDAES_D+1;PVB;ES;15/05/2023;15/05/2023;28.19;
13/05/2023;GDAES_D+1;PVB;ES;14/05/2023;14/05/2023;29.4;
12/05/2023;GDAES_D+1;PVB;ES;13/05/2023;13/05/2023;26.19;
12/05/2023;GMAES;PVB;ES;01/06/2023;30/06/2023;28.3;
12/05/2023;GQES_Q+1;PVB;ES;01/07/2023;30/09/2023;32;
12/05/2023;GYES_Y+1;PVB;ES;01/01/2024;31/12/2024;50.37;
11/05/2023;GDAES_D+1;PVB;ES;12/05/2023;12/05/2023;27;
11/05/2023;GMAES;PVB;ES;01/06/2023;30/06/2023;30;
11/05/2023;GQES_Q+1;PVB;ES;01/07/2023;30/09/2023;33.3;
11/05/2023;GYES_Y+1;PVB;ES;01/01/2024;31/12/2024;52.33;
10/05/2023;GDAES_D+1;PVB;ES;11/05/2023;11/05/2023;28.94;
10/05/2023;GMAES;PVB;ES;01/06/2023;30/06/2023;32.25;
10/05/2023;GQES_Q+1;PVB;ES;01/07/2023;30/09/2023;34.33;
10/05/2023;GYES_Y+1;PVB;ES;01/01/2024;31/12/2024;52.13;
09/05/2023;GDAES_D+1;PVB;ES;10/05/2023;10/05/2023;31.92;
09/05/2023;GMAES;PVB;ES;01/06/2023;30/06/2023;33.35;
09/05/2023;GQES_Q+1;PVB;ES;01/07/2023;30/09/2023;35.35;
09/05/2023;GYES_Y+1;PVB;ES;01/01/2024;31/12/2024;52.23;
08/05/2023;GDAES_D+1;PVB;ES;09/05/2023;09/05/2023;33.86;
08/05/2023;GMAES;PVB;ES;01/06/2023;30/06/2023;34.1;
08/05/2023;GQES_Q+1;PVB;ES;01/07/2023;30/09/2023;35.05;
08/05/2023;GYES_Y+1;PVB;ES;01/01/2024;31/12/2024;51.28;
07/05/2023;GDAES_D+1;PVB;ES;08/05/2023;08/05/2023;34.23;
06/05/2023;GDAES_D+1;PVB;ES;07/05/2023;07/05/2023;34;
05/05/2023;GDAES_D+1;PVB;ES;06/05/2023;06/05/2023;33.77;
05/05/2023;GMAES;PVB;ES;01/06/2023;30/06/2023;33.45;
05/05/2023;GQES_Q+1;PVB;ES;01/07/2023;30/09/2023;33.63;
05/05/2023;GYES_Y+1;PVB;ES;01/01/2024;31/12/2024;50.65;
04/05/2023;GDAES_D+1;PVB;ES;05/05/2023;05/05/2023;33.33;
04/05/2023;GMAES;PVB;ES;01/06/2023;30/06/2023;33.36;
04/05/2023;GQES_Q+1;PVB;ES;01/07/2023;30/09/2023;34.97;
04/05/2023;GYES_Y+1;PVB;ES;01/01/2024;31/12/2024;50.24;
03/05/2023;GDAES_D+1;PVB;ES;04/05/2023;04/05/2023;33.21;
03/05/2023;GMAES;PVB;ES;01/06/2023;30/06/2023;33.85;
03/05/2023;GQES_Q+1;PVB;ES;01/07/2023;30/09/2023;35.93;
03/05/2023;GYES_Y+1;PVB;ES;01/01/2024;31/12/2024;51.07;
02/05/2023;GDAES_D+1;PVB;ES;03/05/2023;03/05/2023;34.25;
02/05/2023;GMAES;PVB;ES;01/06/2023;30/06/2023;35.5;
02/05/2023;GQES_Q+1;PVB;ES;01/07/2023;30/09/2023;36.3;
02/05/2023;GYES_Y+1;PVB;ES;01/01/2024;31/12/2024;51.85;
01/05/2023;GDAES_D+1;PVB;ES;02/05/2023;02/05/2023;36.47;
30/04/2023;GDAES_D+1;PVB;ES;01/05/2023;01/05/2023;34.92;
29/04/2023;GDAES_D+1;PVB;ES;30/04/2023;30/04/2023;35.66;
28/04/2023;GDAES_D+1;PVB;ES;29/04/2023;29/04/2023;34.42;
28/04/2023;GMAES;PVB;ES;01/05/2023;31/05/2023;33.55;
28/04/2023;GQES_Q+1;PVB;ES;01/07/2023;30/09/2023;37.37;
28/04/2023;GYES_Y+1;PVB;ES;01/01/2024;31/12/2024;52.41;
27/04/2023;GDAES_D+1;PVB;ES;28/04/2023;28/04/2023;35.19;
27/04/2023;GMAES;PVB;ES;01/05/2023;31/05/2023;34.17;
27/04/2023;GQES_Q+1;PVB;ES;01/07/2023;30/09/2023;37.45;
27/04/2023;GYES_Y+1;PVB;ES;01/01/2024;31/12/2024;52.98;
26/04/2023;GDAES_D+1;PVB;ES;27/04/2023;27/04/2023;35.78;
26/04/2023;GMAES;PVB;ES;01/05/2023;31/05/2023;34.12;
26/04/2023;GQES_Q+1;PVB;ES;01/07/2023;30/09/2023;37.76;
26/04/2023;GYES_Y+1;PVB;ES;01/01/2024;31/12/2024;50.79;
25/04/2023;GDAES_D+1;PVB;ES;26/04/2023;26/04/2023;34.86;
25/04/2023;GMAES;PVB;ES;01/05/2023;31/05/2023;34.5;
25/04/2023;GQES_Q+1;PVB;ES;01/07/2023;30/09/2023;38.1;
25/04/2023;GYES_Y+1;PVB;ES;01/01/2024;31/12/2024;50.63;
24/04/2023;GDAES_D+1;PVB;ES;25/04/2023;25/04/2023;33.34;
24/04/2023;GMAES;PVB;ES;01/05/2023;31/05/2023;34.85;
24/04/2023;GQES_Q+1;PVB;ES;01/07/2023;30/09/2023;38.91;
24/04/2023;GYES_Y+1;PVB;ES;01/01/2024;31/12/2024;50.18;
23/04/2023;GDAES_D+1;PVB;ES;24/04/2023;24/04/2023;34.54;
22/04/2023;GDAES_D+1;PVB;ES;23/04/2023;23/04/2023;34.03;
21/04/2023;GDAES_D+1;PVB;ES;22/04/2023;22/04/2023;34.69;
21/04/2023;GMAES;PVB;ES;01/05/2023;31/05/2023;36.23;
21/04/2023;GQES_Q+1;PVB;ES;01/07/2023;30/09/2023;39.42;
21/04/2023;GYES_Y+1;PVB;ES;01/01/2024;31/12/2024;50.65;
20/04/2023;GDAES_D+1;PVB;ES;21/04/2023;21/04/2023;36.4;
20/04/2023;GMAES;PVB;ES;01/05/2023;31/05/2023;36;
20/04/2023;GQES_Q+1;PVB;ES;01/07/2023;30/09/2023;38.75;
20/04/2023;GYES_Y+1;PVB;ES;01/01/2024;31/12/2024;50.7;
19/04/2023;GDAES_D+1;PVB;ES;20/04/2023;20/04/2023;35.66;
19/04/2023;GMAES;PVB;ES;01/05/2023;31/05/2023;35.2;
19/04/2023;GQES_Q+1;PVB;ES;01/07/2023;30/09/2023;38.39;
19/04/2023;GYES_Y+1;PVB;ES;01/01/2024;31/12/2024;51.25;
18/04/2023;GDAES_D+1;PVB;ES;19/04/2023;19/04/2023;36.49;
18/04/2023;GMAES;PVB;ES;01/05/2023;31/05/2023;37.54;
18/04/2023;GQES_Q+1;PVB;ES;01/07/2023;30/09/2023;40.35;
18/04/2023;GYES_Y+1;PVB;ES;01/01/2024;31/12/2024;52.53;
17/04/2023;GDAES_D+1;PVB;ES;18/04/2023;18/04/2023;36.02;
17/04/2023;GMAES;PVB;ES;01/05/2023;31/05/2023;36.49;
17/04/2023;GQES_Q+1;PVB;ES;01/07/2023;30/09/2023;40.32;
17/04/2023;GYES_Y+1;PVB;ES;01/01/2024;31/12/2024;51.77;
16/04/2023;GDAES_D+1;PVB;ES;17/04/2023;17/04/2023;37.67;
15/04/2023;GDAES_D+1;PVB;ES;16/04/2023;16/04/2023;36.93;
14/04/2023;GDAES_D+1;PVB;ES;15/04/2023;15/04/2023;37.3;
14/04/2023;GMAES;PVB;ES;01/05/2023;31/05/2023;36.6;
14/04/2023;GQES_Q+1;PVB;ES;01/07/2023;30/09/2023;40.5;
14/04/2023;GYES_Y+1;PVB;ES;01/01/2024;31/12/2024;51.1;
13/04/2023;GDAES_D+1;PVB;ES;14/04/2023;14/04/2023;36.82;
13/04/2023;GMAES;PVB;ES;01/05/2023;31/05/2023;36.97;
13/04/2023;GQES_Q+1;PVB;ES;01/07/2023;30/09/2023;41.23;
13/04/2023;GYES_Y+1;PVB;ES;01/01/2024;31/12/2024;52.35;
12/04/2023;GDAES_D+1;PVB;ES;13/04/2023;13/04/2023;37.9;
12/04/2023;GMAES;PVB;ES;01/05/2023;31/05/2023;37.2;
12/04/2023;GQES_Q+1;PVB;ES;01/07/2023;30/09/2023;42.12;
12/04/2023;GYES_Y+1;PVB;ES;01/01/2024;31/12/2024;53.16;
11/04/2023;GDAES_D+1;PVB;ES;12/04/2023;12/04/2023;38.94;
11/04/2023;GMAES;PVB;ES;01/05/2023;31/05/2023;37.82;
11/04/2023;GQES_Q+1;PVB;ES;01/07/2023;30/09/2023;42.65;
11/04/2023;GYES_Y+1;PVB;ES;01/01/2024;31/12/2024;52.44;
10/04/2023;GDAES_D+1;PVB;ES;11/04/2023;11/04/2023;40.09;
09/04/2023;GDAES_D+1;PVB;ES;10/04/2023;10/04/2023;41.78;
08/04/2023;GDAES_D+1;PVB;ES;09/04/2023;09/04/2023;41.92;
07/04/2023;GDAES_D+1;PVB;ES;08/04/2023;08/04/2023;41.31;
06/04/2023;GDAES_D+1;PVB;ES;07/04/2023;07/04/2023;39.42;
06/04/2023;GMAES;PVB;ES;01/05/2023;31/05/2023;38.38;
06/04/2023;GQES_Q+1;PVB;ES;01/07/2023;30/09/2023;41.08;
06/04/2023;GYES_Y+1;PVB;ES;01/01/2024;31/12/2024;50.19;
05/04/2023;GDAES_D+1;PVB;ES;06/04/2023;06/04/2023;41.3;
05/04/2023;GMAES;PVB;ES;01/05/2023;31/05/2023;40.5;
05/04/2023;GQES_Q+1;PVB;ES;01/07/2023;30/09/2023;42.71;
05/04/2023;GYES_Y+1;PVB;ES;01/01/2024;31/12/2024;51.29;
04/04/2023;GDAES_D+1;PVB;ES;05/04/2023;05/04/2023;41.74;
04/04/2023;GMAES;PVB;ES;01/05/2023;31/05/2023;40;
04/04/2023;GQES_Q+1;PVB;ES;01/07/2023;30/09/2023;44.77;
04/04/2023;GYES_Y+1;PVB;ES;01/01/2024;31/12/2024;54.58;
03/04/2023;GDAES_D+1;PVB;ES;04/04/2023;04/04/2023;44.14;
03/04/2023;GMAES;PVB;ES;01/05/2023;31/05/2023;44.31;
03/04/2023;GQES_Q+1;PVB;ES;01/07/2023;30/09/2023;47.85;
03/04/2023;GYES_Y+1;PVB;ES;01/01/2024;31/12/2024;55.9;
02/04/2023;GDAES_D+1;PVB;ES;03/04/2023;03/04/2023;43.81;
01/04/2023;GDAES_D+1;PVB;ES;02/04/2023;02/04/2023;43.13;
31/03/2023;GDAES_D+1;PVB;ES;01/04/2023;01/04/2023;41.5;
31/03/2023;GMAES;PVB;ES;01/04/2023;30/04/2023;41.6;
31/03/2023;GYES_Y+1;PVB;ES;01/01/2024;31/12/2024;53.12;
30/03/2023;GDAES_D+1;PVB;ES;31/03/2023;31/03/2023;34.87;
30/03/2023;GMAES;PVB;ES;01/04/2023;30/04/2023;38.15;
30/03/2023;GQES_Q+1;PVB;ES;01/04/2023;30/06/2023;40.23;
30/03/2023;GYES_Y+1;PVB;ES;01/01/2024;31/12/2024;49.47;
29/03/2023;GDAES_D+1;PVB;ES;30/03/2023;30/03/2023;36.69;
29/03/2023;GMAES;PVB;ES;01/04/2023;30/04/2023;39.45;
29/03/2023;GQES_Q+1;PVB;ES;01/04/2023;30/06/2023;40.41;
29/03/2023;GYES_Y+1;PVB;ES;01/01/2024;31/12/2024;47.68;
28/03/2023;GDAES_D+1;PVB;ES;29/03/2023;29/03/2023;39.88;
28/03/2023;GMAES;PVB;ES;01/04/2023;30/04/2023;40.56;
28/03/2023;GQES_Q+1;PVB;ES;01/04/2023;30/06/2023;40.56;
28/03/2023;GYES_Y+1;PVB;ES;01/01/2024;31/12/2024;48.22;
27/03/2023;GDAES_D+1;PVB;ES;28/03/2023;28/03/2023;40.39;
27/03/2023;GMAES;PVB;ES;01/04/2023;30/04/2023;40.48;
27/03/2023;GQES_Q+1;PVB;ES;01/04/2023;30/06/2023;40.48;
27/03/2023;GYES_Y+1;PVB;ES;01/01/2024;31/12/2024;48.16;
26/03/2023;GDAES_D+1;PVB;ES;27/03/2023;27/03/2023;38.71;
25/03/2023;GDAES_D+1;PVB;ES;26/03/2023;26/03/2023;38.86;
24/03/2023;GDAES_D+1;PVB;ES;25/03/2023;25/03/2023;40;
24/03/2023;GMAES;PVB;ES;01/04/2023;30/04/2023;40.75;
24/03/2023;GQES_Q+1;PVB;ES;01/04/2023;30/06/2023;40;
24/03/2023;GYES_Y+1;PVB;ES;01/01/2024;31/12/2024;47.33;
23/03/2023;GDAES_D+1;PVB;ES;24/03/2023;24/03/2023;41.73;
23/03/2023;GMAES;PVB;ES;01/04/2023;30/04/2023;41.5;
23/03/2023;GQES_Q+1;PVB;ES;01/04/2023;30/06/2023;42;
23/03/2023;GYES_Y+1;PVB;ES;01/01/2024;31/12/2024;48.78;
22/03/2023;GDAES_D+1;PVB;ES;23/03/2023;23/03/2023;38.57;
22/03/2023;GMAES;PVB;ES;01/04/2023;30/04/2023;39;
22/03/2023;GQES_Q+1;PVB;ES;01/04/2023;30/06/2023;39.19;
22/03/2023;GYES_Y+1;PVB;ES;01/01/2024;31/12/2024;46.32;
21/03/2023;GDAES_D+1;PVB;ES;22/03/2023;22/03/2023;40.18;
21/03/2023;GMAES;PVB;ES;01/04/2023;30/04/2023;40.34;
21/03/2023;GQES_Q+1;PVB;ES;01/04/2023;30/06/2023;41.48;
21/03/2023;GYES_Y+1;PVB;ES;01/01/2024;31/12/2024;47.95;
20/03/2023;GDAES_D+1;PVB;ES;21/03/2023;21/03/2023;38.99;
20/03/2023;GMAES;PVB;ES;01/04/2023;30/04/2023;39.5;
20/03/2023;GQES_Q+1;PVB;ES;01/04/2023;30/06/2023;38.28;
20/03/2023;GYES_Y+1;PVB;ES;01/01/2024;31/12/2024;45.16;
19/03/2023;GDAES_D+1;PVB;ES;20/03/2023;20/03/2023;44.27;
18/03/2023;GDAES_D+1;PVB;ES;19/03/2023;19/03/2023;41.34;
17/03/2023;GDAES_D+1;PVB;ES;18/03/2023;18/03/2023;42.09;
17/03/2023;GMAES;PVB;ES;01/04/2023;30/04/2023;41.68;
17/03/2023;GQES_Q+1;PVB;ES;01/04/2023;30/06/2023;41.8;
17/03/2023;GYES_Y+1;PVB;ES;01/01/2024;31/12/2024;47.9;
16/03/2023;GDAES_D+1;PVB;ES;17/03/2023;17/03/2023;42.83;
16/03/2023;GMAES;PVB;ES;01/04/2023;30/04/2023;43.66;
16/03/2023;GQES_Q+1;PVB;ES;01/04/2023;30/06/2023;43.92;
16/03/2023;GYES_Y+1;PVB;ES;01/01/2024;31/12/2024;48.55;
15/03/2023;GDAES_D+1;PVB;ES;16/03/2023;16/03/2023;42.24;
15/03/2023;GMAES;PVB;ES;01/04/2023;30/04/2023;42.05;
15/03/2023;GQES_Q+1;PVB;ES;01/04/2023;30/06/2023;42.34;
15/03/2023;GYES_Y+1;PVB;ES;01/01/2024;31/12/2024;46.7;
14/03/2023;GDAES_D+1;PVB;ES;15/03/2023;15/03/2023;46.48;
14/03/2023;GMAES;PVB;ES;01/04/2023;30/04/2023;43.68;
14/03/2023;GQES_Q+1;PVB;ES;01/04/2023;30/06/2023;44.1;
14/03/2023;GYES_Y+1;PVB;ES;01/01/2024;31/12/2024;50.76;
13/03/2023;GDAES_D+1;PVB;ES;14/03/2023;14/03/2023;47.38;
13/03/2023;GMAES;PVB;ES;01/04/2023;30/04/2023;47.5;
13/03/2023;GQES_Q+1;PVB;ES;01/04/2023;30/06/2023;47.88;
13/03/2023;GYES_Y+1;PVB;ES;01/01/2024;31/12/2024;52.7;
12/03/2023;GDAES_D+1;PVB;ES;13/03/2023;13/03/2023;49.52;
11/03/2023;GDAES_D+1;PVB;ES;12/03/2023;12/03/2023;53.09;
10/03/2023;GDAES_D+1;PVB;ES;11/03/2023;11/03/2023;52.51;
10/03/2023;GMAES;PVB;ES;01/04/2023;30/04/2023;51.72;
10/03/2023;GQES_Q+1;PVB;ES;01/04/2023;30/06/2023;53.5;
10/03/2023;GYES_Y+1;PVB;ES;01/01/2024;31/12/2024;54.54;
09/03/2023;GDAES_D+1;PVB;ES;10/03/2023;10/03/2023;46.25;
09/03/2023;GMAES;PVB;ES;01/04/2023;30/04/2023;44.97;
09/03/2023;GQES_Q+1;PVB;ES;01/04/2023;30/06/2023;45.39;
09/03/2023;GYES_Y+1;PVB;ES;01/01/2024;31/12/2024;50.61;
08/03/2023;GDAES_D+1;PVB;ES;09/03/2023;09/03/2023;41.4;
08/03/2023;GMAES;PVB;ES;01/04/2023;30/04/2023;42;
08/03/2023;GQES_Q+1;PVB;ES;01/04/2023;30/06/2023;42.12;
08/03/2023;GYES_Y+1;PVB;ES;01/01/2024;31/12/2024;45.8;
07/03/2023;GDAES_D+1;PVB;ES;08/03/2023;08/03/2023;43.9;
07/03/2023;GMAES;PVB;ES;01/04/2023;30/04/2023;42.4;
07/03/2023;GQES_Q+1;PVB;ES;01/04/2023;30/06/2023;43.06;
07/03/2023;GYES_Y+1;PVB;ES;01/01/2024;31/12/2024;46.26;
06/03/2023;GDAES_D+1;PVB;ES;07/03/2023;07/03/2023;44.2;
06/03/2023;GMAES;PVB;ES;01/04/2023;30/04/2023;41.91;
06/03/2023;GQES_Q+1;PVB;ES;01/04/2023;30/06/2023;41.48;
06/03/2023;GYES_Y+1;PVB;ES;01/01/2024;31/12/2024;45.97;
05/03/2023;GDAES_D+1;PVB;ES;06/03/2023;06/03/2023;50.45;
04/03/2023;GDAES_D+1;PVB;ES;05/03/2023;05/03/2023;48.16;
03/03/2023;GDAES_D+1;PVB;ES;04/03/2023;04/03/2023;46.25;
03/03/2023;GMAES;PVB;ES;01/04/2023;30/04/2023;44.95;
03/03/2023;GQES_Q+1;PVB;ES;01/04/2023;30/06/2023;44.5;
03/03/2023;GYES_Y+1;PVB;ES;01/01/2024;31/12/2024;48.16;
02/03/2023;GDAES_D+1;PVB;ES;03/03/2023;03/03/2023;47.63;
02/03/2023;GMAES;PVB;ES;01/04/2023;30/04/2023;46.13;
02/03/2023;GQES_Q+1;PVB;ES;01/04/2023;30/06/2023;45.23;
02/03/2023;GYES_Y+1;PVB;ES;01/01/2024;31/12/2024;50;
01/03/2023;GDAES_D+1;PVB;ES;02/03/2023;02/03/2023;48.45;
01/03/2023;GMAES;PVB;ES;01/04/2023;30/04/2023;46.35;
01/03/2023;GQES_Q+1;PVB;ES;01/04/2023;30/06/2023;45.08;
01/03/2023;GYES_Y+1;PVB;ES;01/01/2024;31/12/2024;50.25;
28/02/2023;GDAES_D+1;PVB;ES;01/03/2023;01/03/2023;46.31;
28/02/2023;GMAES;PVB;ES;01/03/2023;31/03/2023;46.8;
28/02/2023;GQES_Q+1;PVB;ES;01/04/2023;30/06/2023;46.6;
28/02/2023;GYES_Y+1;PVB;ES;01/01/2024;31/12/2024;50.68;
27/02/2023;GDAES_D+1;PVB;ES;28/02/2023;28/02/2023;45.41;
27/02/2023;GMAES;PVB;ES;01/03/2023;31/03/2023;46.69;
27/02/2023;GQES_Q+1;PVB;ES;01/04/2023;30/06/2023;45.73;
27/02/2023;GYES_Y+1;PVB;ES;01/01/2024;31/12/2024;51.22;
26/02/2023;GDAES_D+1;PVB;ES;27/02/2023;27/02/2023;50.52;
25/02/2023;GDAES_D+1;PVB;ES;26/02/2023;26/02/2023;49.28;
24/02/2023;GDAES_D+1;PVB;ES;25/02/2023;25/02/2023;49.29;
24/02/2023;GMAES;PVB;ES;01/03/2023;31/03/2023;50.3;
24/02/2023;GQES_Q+1;PVB;ES;01/04/2023;30/06/2023;50.1;
24/02/2023;GYES_Y+1;PVB;ES;01/01/2024;31/12/2024;54.6;
23/02/2023;GDAES_D+1;PVB;ES;24/02/2023;24/02/2023;49.54;
23/02/2023;GMAES;PVB;ES;01/03/2023;31/03/2023;49;
23/02/2023;GQES_Q+1;PVB;ES;01/04/2023;30/06/2023;48.4;
23/02/2023;GYES_Y+1;PVB;ES;01/01/2024;31/12/2024;53.35;
22/02/2023;GDAES_D+1;PVB;ES;23/02/2023;23/02/2023;48.1;
22/02/2023;GMAES;PVB;ES;01/03/2023;31/03/2023;48.17;
22/02/2023;GQES_Q+1;PVB;ES;01/04/2023;30/06/2023;47.92;
22/02/2023;GYES_Y+1;PVB;ES;01/01/2024;31/12/2024;52.57;
21/02/2023;GDAES_D+1;PVB;ES;22/02/2023;22/02/2023;48.5;
21/02/2023;GMAES;PVB;ES;01/03/2023;31/03/2023;47.24;
21/02/2023;GQES_Q+1;PVB;ES;01/04/2023;30/06/2023;47;
21/02/2023;GYES_Y+1;PVB;ES;01/01/2024;31/12/2024;51.29;
20/02/2023;GDAES_D+1;PVB;ES;21/02/2023;21/02/2023;49.52;
20/02/2023;GMAES;PVB;ES;01/03/2023;31/03/2023;47.8;
20/02/2023;GQES_Q+1;PVB;ES;01/04/2023;30/06/2023;49;
20/02/2023;GYES_Y+1;PVB;ES;01/01/2024;31/12/2024;52.38;
19/02/2023;GDAES_D+1;PVB;ES;20/02/2023;20/02/2023;49.69;
18/02/2023;GDAES_D+1;PVB;ES;19/02/2023;19/02/2023;47.95;
17/02/2023;GDAES_D+1;PVB;ES;18/02/2023;18/02/2023;47.69;
17/02/2023;GMAES;PVB;ES;01/03/2023;31/03/2023;47.75;
17/02/2023;GQES_Q+1;PVB;ES;01/04/2023;30/06/2023;48.5;
17/02/2023;GYES_Y+1;PVB;ES;01/01/2024;31/12/2024;52.7;
16/02/2023;GDAES_D+1;PVB;ES;17/02/2023;17/02/2023;49.59;
16/02/2023;GMAES;PVB;ES;01/03/2023;31/03/2023;50.15;
16/02/2023;GQES_Q+1;PVB;ES;01/04/2023;30/06/2023;49.68;
16/02/2023;GYES_Y+1;PVB;ES;01/01/2024;31/12/2024;54.8;
15/02/2023;GDAES_D+1;PVB;ES;16/02/2023;16/02/2023;53.43;
15/02/2023;GMAES;PVB;ES;01/03/2023;31/03/2023;52;
15/02/2023;GQES_Q+1;PVB;ES;01/04/2023;30/06/2023;51.61;
15/02/2023;GYES_Y+1;PVB;ES;01/01/2024;31/12/2024;56.07;
14/02/2023;GDAES_D+1;PVB;ES;15/02/2023;15/02/2023;51.72;
14/02/2023;GMAES;PVB;ES;01/03/2023;31/03/2023;50;
14/02/2023;GQES_Q+1;PVB;ES;01/04/2023;30/06/2023;49.33;
14/02/2023;GYES_Y+1;PVB;ES;01/01/2024;31/12/2024;55.26;
13/02/2023;GDAES_D+1;PVB;ES;14/02/2023;14/02/2023;51.04;
13/02/2023;GMAES;PVB;ES;01/03/2023;31/03/2023;49.16;
13/02/2023;GQES_Q+1;PVB;ES;01/04/2023;30/06/2023;48.66;
13/02/2023;GYES_Y+1;PVB;ES;01/01/2024;31/12/2024;55.2;
12/02/2023;GDAES_D+1;PVB;ES;13/02/2023;13/02/2023;56.13;
11/02/2023;GDAES_D+1;PVB;ES;12/02/2023;12/02/2023;55.07;
10/02/2023;GDAES_D+1;PVB;ES;11/02/2023;11/02/2023;51.61;
10/02/2023;GMAES;PVB;ES;01/03/2023;31/03/2023;50.4;
10/02/2023;GQES_Q+1;PVB;ES;01/04/2023;30/06/2023;50.98;
10/02/2023;GYES_Y+1;PVB;ES;01/01/2024;31/12/2024;56.62;
09/02/2023;GDAES_D+1;PVB;ES;10/02/2023;10/02/2023;52.49;
09/02/2023;GMAES;PVB;ES;01/03/2023;31/03/2023;51.16;
09/02/2023;GQES_Q+1;PVB;ES;01/04/2023;30/06/2023;50.68;
09/02/2023;GYES_Y+1;PVB;ES;01/01/2024;31/12/2024;56.44;
08/02/2023;GDAES_D+1;PVB;ES;09/02/2023;09/02/2023;52.65;
08/02/2023;GMAES;PVB;ES;01/03/2023;31/03/2023;50.3;
08/02/2023;GQES_Q+1;PVB;ES;01/04/2023;30/06/2023;51.71;
08/02/2023;GYES_Y+1;PVB;ES;01/01/2024;31/12/2024;57.65;
07/02/2023;GDAES_D+1;PVB;ES;08/02/2023;08/02/2023;53.13;
07/02/2023;GMAES;PVB;ES;01/03/2023;31/03/2023;52.24;
07/02/2023;GQES_Q+1;PVB;ES;01/04/2023;30/06/2023;53.25;
07/02/2023;GYES_Y+1;PVB;ES;01/01/2024;31/12/2024;58.99;
06/02/2023;GDAES_D+1;PVB;ES;07/02/2023;07/02/2023;55.64;
06/02/2023;GMAES;PVB;ES;01/03/2023;31/03/2023;54.94;
06/02/2023;GQES_Q+1;PVB;ES;01/04/2023;30/06/2023;55.42;
06/02/2023;GYES_Y+1;PVB;ES;01/01/2024;31/12/2024;60.09;
05/02/2023;GDAES_D+1;PVB;ES;06/02/2023;06/02/2023;60.63;
04/02/2023;GDAES_D+1;PVB;ES;05/02/2023;05/02/2023;58.25;
03/02/2023;GDAES_D+1;PVB;ES;04/02/2023;04/02/2023;56.56;
03/02/2023;GMAES;PVB;ES;01/03/2023;31/03/2023;56;
03/02/2023;GQES_Q+1;PVB;ES;01/04/2023;30/06/2023;56.19;
03/02/2023;GYES_Y+1;PVB;ES;01/01/2024;31/12/2024;60.15;
02/02/2023;GDAES_D+1;PVB;ES;03/02/2023;03/02/2023;54.8;
02/02/2023;GMAES;PVB;ES;01/03/2023;31/03/2023;55.35;
02/02/2023;GQES_Q+1;PVB;ES;01/04/2023;30/06/2023;55.23;
02/02/2023;GYES_Y+1;PVB;ES;01/01/2024;31/12/2024;60.21;
01/02/2023;GDAES_D+1;PVB;ES;02/02/2023;02/02/2023;57.57;
01/02/2023;GMAES;PVB;ES;01/03/2023;31/03/2023;57.3;
01/02/2023;GQES_Q+1;PVB;ES;01/04/2023;30/06/2023;56.89;
01/02/2023;GYES_Y+1;PVB;ES;01/01/2024;31/12/2024;61.06;
31/01/2023;GDAES_D+1;PVB;ES;01/02/2023;01/02/2023;54.89;
31/01/2023;GMAES;PVB;ES;01/02/2023;28/02/2023;55.06;
31/01/2023;GQES_Q+1;PVB;ES;01/04/2023;30/06/2023;54.17;
31/01/2023;GYES_Y+1;PVB;ES;01/01/2024;31/12/2024;59.07;
30/01/2023;GDAES_D+1;PVB;ES;31/01/2023;31/01/2023;54.2;
30/01/2023;GMAES;PVB;ES;01/02/2023;28/02/2023;52;
30/01/2023;GQES_Q+1;PVB;ES;01/04/2023;30/06/2023;52.53;
30/01/2023;GYES_Y+1;PVB;ES;01/01/2024;31/12/2024;57.95;
29/01/2023;GDAES_D+1;PVB;ES;30/01/2023;30/01/2023;56.83;
28/01/2023;GDAES_D+1;PVB;ES;29/01/2023;29/01/2023;56.18;
27/01/2023;GDAES_D+1;PVB;ES;28/01/2023;28/01/2023;53.75;
27/01/2023;GMAES;PVB;ES;01/02/2023;28/02/2023;52.14;
27/01/2023;GQES_Q+1;PVB;ES;01/04/2023;30/06/2023;51.62;
27/01/2023;GYES_Y+1;PVB;ES;01/01/2024;31/12/2024;57.26;
26/01/2023;GDAES_D+1;PVB;ES;27/01/2023;27/01/2023;50.09;
26/01/2023;GMAES;PVB;ES;01/02/2023;28/02/2023;52;
26/01/2023;GQES_Q+1;PVB;ES;01/04/2023;30/06/2023;51.82;
26/01/2023;GYES_Y+1;PVB;ES;01/01/2024;31/12/2024;56.95;
25/01/2023;GDAES_D+1;PVB;ES;26/01/2023;26/01/2023;52.15;
25/01/2023;GMAES;PVB;ES;01/02/2023;28/02/2023;51.91;
25/01/2023;GQES_Q+1;PVB;ES;01/04/2023;30/06/2023;53.5;
25/01/2023;GYES_Y+1;PVB;ES;01/01/2024;31/12/2024;56.91;
24/01/2023;GDAES_D+1;PVB;ES;25/01/2023;25/01/2023;54.66;
24/01/2023;GMAES;PVB;ES;01/02/2023;28/02/2023;55.4;
24/01/2023;GQES_Q+1;PVB;ES;01/04/2023;30/06/2023;54.9;
24/01/2023;GYES_Y+1;PVB;ES;01/01/2024;31/12/2024;58.59;
23/01/2023;GDAES_D+1;PVB;ES;24/01/2023;24/01/2023;62.23;
23/01/2023;GMAES;PVB;ES;01/02/2023;28/02/2023;60;
23/01/2023;GQES_Q+1;PVB;ES;01/04/2023;30/06/2023;62;
23/01/2023;GYES_Y+1;PVB;ES;01/01/2024;31/12/2024;64.23;
22/01/2023;GDAES_D+1;PVB;ES;23/01/2023;23/01/2023;67.62;
21/01/2023;GDAES_D+1;PVB;ES;22/01/2023;22/01/2023;66;
20/01/2023;GDAES_D+1;PVB;ES;21/01/2023;21/01/2023;64.04;
20/01/2023;GMAES;PVB;ES;01/02/2023;28/02/2023;63.5;
20/01/2023;GQES_Q+1;PVB;ES;01/04/2023;30/06/2023;64;
20/01/2023;GYES_Y+1;PVB;ES;01/01/2024;31/12/2024;65.35;
19/01/2023;GDAES_D+1;PVB;ES;20/01/2023;20/01/2023;60;
19/01/2023;GMAES;PVB;ES;01/02/2023;28/02/2023;57.8;
19/01/2023;GQES_Q+1;PVB;ES;01/04/2023;30/06/2023;58.5;
19/01/2023;GYES_Y+1;PVB;ES;01/01/2024;31/12/2024;60.68;
18/01/2023;GDAES_D+1;PVB;ES;19/01/2023;19/01/2023;57.52;
18/01/2023;GMAES;PVB;ES;01/02/2023;28/02/2023;58.96;
18/01/2023;GQES_Q+1;PVB;ES;01/04/2023;30/06/2023;60;
18/01/2023;GYES_Y+1;PVB;ES;01/01/2024;31/12/2024;60.05;
17/01/2023;GDAES_D+1;PVB;ES;18/01/2023;18/01/2023;55.8;
17/01/2023;GMAES;PVB;ES;01/02/2023;28/02/2023;56.46;
17/01/2023;GQES_Q+1;PVB;ES;01/04/2023;30/06/2023;56.72;
17/01/2023;GYES_Y+1;PVB;ES;01/01/2024;31/12/2024;57.5;
16/01/2023;GDAES_D+1;PVB;ES;17/01/2023;17/01/2023;52.9;
16/01/2023;GMAES;PVB;ES;01/02/2023;28/02/2023;52;
16/01/2023;GQES_Q+1;PVB;ES;01/04/2023;30/06/2023;52.33;
16/01/2023;GYES_Y+1;PVB;ES;01/01/2024;31/12/2024;54.9;
15/01/2023;GDAES_D+1;PVB;ES;16/01/2023;16/01/2023;60.13;
14/01/2023;GDAES_D+1;PVB;ES;15/01/2023;15/01/2023;61.79;
13/01/2023;GDAES_D+1;PVB;ES;14/01/2023;14/01/2023;60;
13/01/2023;GMAES;PVB;ES;01/02/2023;28/02/2023;60.5;
13/01/2023;GQES_Q+1;PVB;ES;01/04/2023;30/06/2023;61.5;
13/01/2023;GYES_Y+1;PVB;ES;01/01/2024;31/12/2024;61.41;
12/01/2023;GDAES_D+1;PVB;ES;13/01/2023;13/01/2023;63.18;
12/01/2023;GMAES;PVB;ES;01/02/2023;28/02/2023;63.32;
12/01/2023;GQES_Q+1;PVB;ES;01/04/2023;30/06/2023;66.5;
12/01/2023;GYES_Y+1;PVB;ES;01/01/2024;31/12/2024;64.5;
11/01/2023;GDAES_D+1;PVB;ES;12/01/2023;12/01/2023;61.7;
11/01/2023;GMAES;PVB;ES;01/02/2023;28/02/2023;61.9;
11/01/2023;GQES_Q+1;PVB;ES;01/04/2023;30/06/2023;65.56;
11/01/2023;GYES_Y+1;PVB;ES;01/01/2024;31/12/2024;61.39;
10/01/2023;GDAES_D+1;PVB;ES;11/01/2023;11/01/2023;63.25;
10/01/2023;GMAES;PVB;ES;01/02/2023;28/02/2023;66.06;
10/01/2023;GQES_Q+1;PVB;ES;01/04/2023;30/06/2023;68.23;
10/01/2023;GYES_Y+1;PVB;ES;01/01/2024;31/12/2024;64.18;
09/01/2023;GDAES_D+1;PVB;ES;10/01/2023;10/01/2023;69.78;
09/01/2023;GMAES;PVB;ES;01/02/2023;28/02/2023;69.63;
09/01/2023;GQES_Q+1;PVB;ES;01/04/2023;30/06/2023;70.01;
09/01/2023;GYES_Y+1;PVB;ES;01/01/2024;31/12/2024;66.64;
08/01/2023;GDAES_D+1;PVB;ES;09/01/2023;09/01/2023;64.55;
07/01/2023;GDAES_D+1;PVB;ES;08/01/2023;08/01/2023;62.34;
06/01/2023;GDAES_D+1;PVB;ES;07/01/2023;07/01/2023;63.9;
06/01/2023;GMAES;PVB;ES;01/02/2023;28/02/2023;64.16;
06/01/2023;GQES_Q+1;PVB;ES;01/04/2023;30/06/2023;65.54;
06/01/2023;GYES_Y+1;PVB;ES;01/01/2024;31/12/2024;62.75;
05/01/2023;GDAES_D+1;PVB;ES;06/01/2023;06/01/2023;59.3;
05/01/2023;GMAES;PVB;ES;01/02/2023;28/02/2023;66.5;
05/01/2023;GQES_Q+1;PVB;ES;01/04/2023;30/06/2023;67.5;
05/01/2023;GYES_Y+1;PVB;ES;01/01/2024;31/12/2024;63.86;
04/01/2023;GDAES_D+1;PVB;ES;05/01/2023;05/01/2023;58;
04/01/2023;GMAES;PVB;ES;01/02/2023;28/02/2023;60.85;
04/01/2023;GQES_Q+1;PVB;ES;01/04/2023;30/06/2023;60.18;
04/01/2023;GYES_Y+1;PVB;ES;01/01/2024;31/12/2024;59.22;
03/01/2023;GDAES_D+1;PVB;ES;04/01/2023;04/01/2023;63;
03/01/2023;GMAES;PVB;ES;01/02/2023;28/02/2023;69;
03/01/2023;GQES_Q+1;PVB;ES;01/04/2023;30/06/2023;67.94;
03/01/2023;GYES_Y+1;PVB;ES;01/01/2024;31/12/2024;62.25;
02/01/2023;GDAES_D+1;PVB;ES;03/01/2023;03/01/2023;71.49;
02/01/2023;GMAES;PVB;ES;01/02/2023;28/02/2023;70;
02/01/2023;GQES_Q+1;PVB;ES;01/04/2023;30/06/2023;75.99;
02/01/2023;GYES_Y+1;PVB;ES;01/01/2024;31/12/2024;70.58;
01/01/2023;GDAES_D+1;PVB;ES;02/01/2023;02/01/2023;70.45;
31/12/2022;GDAES_D+1;PVB;ES;01/01/2023;01/01/2023;62.49;
